n_estimators,max_depth,learning_rate,scale_pos_weight_mode,undersampling,threshold,accuracy_mean,FAR_mean,FRR_mean,accuracy_std,FAR_std,FRR_std
100,3,0.1,none,False,0.15,0.9920634920634921,0.0008333333333333333,0.15,0.011771743630310584,0.0036324157862838947,0.22298480267099416
100,6,0.1,none,False,0.15,0.9920634920634921,0.0008333333333333333,0.15,0.011771743630310584,0.0036324157862838947,0.22298480267099416
100,10,0.1,none,False,0.15,0.9920634920634921,0.0008333333333333333,0.15,0.011771743630310584,0.0036324157862838947,0.22298480267099416
300,3,0.1,none,False,0.15,0.9920634920634921,0.0008333333333333333,0.15,0.011771743630310584,0.0036324157862838947,0.22298480267099416
300,6,0.1,none,False,0.15,0.9920634920634921,0.0008333333333333333,0.15,0.011771743630310584,0.0036324157862838947,0.22298480267099416
300,10,0.1,none,False,0.15,0.9920634920634921,0.0008333333333333333,0.15,0.011771743630310584,0.0036324157862838947,0.22298480267099416
600,3,0.1,none,False,0.15,0.9920634920634921,0.0008333333333333333,0.15,0.011771743630310584,0.0036324157862838947,0.22298480267099416
600,6,0.1,none,False,0.15,0.9920634920634921,0.0008333333333333333,0.15,0.011771743630310584,0.0036324157862838947,0.22298480267099416
600,10,0.1,none,False,0.15,0.9920634920634921,0.0008333333333333333,0.15,0.011771743630310584,0.0036324157862838947,0.22298480267099416
300,3,0.05,none,False,0.2,0.9896825396825397,0.0008333333333333333,0.2,0.011528443687566635,0.0036324157862838947,0.22110831935702666
300,6,0.05,none,False,0.2,0.9896825396825397,0.0008333333333333333,0.2,0.011528443687566635,0.0036324157862838947,0.22110831935702666
300,10,0.05,none,False,0.2,0.9896825396825397,0.0008333333333333333,0.2,0.011528443687566635,0.0036324157862838947,0.22110831935702666
600,3,0.05,none,False,0.2,0.9896825396825397,0.0008333333333333333,0.2,0.011528443687566635,0.0036324157862838947,0.22110831935702666
600,6,0.05,none,False,0.2,0.9896825396825397,0.0008333333333333333,0.2,0.011528443687566635,0.0036324157862838947,0.22110831935702666
600,10,0.05,none,False,0.2,0.9896825396825397,0.0008333333333333333,0.2,0.011528443687566635,0.0036324157862838947,0.22110831935702666
100,3,0.05,none,False,0.15,0.9896825396825397,0.0016666666666666666,0.18333333333333332,0.012573793268059418,0.004999999999999999,0.2229848026709942
100,6,0.05,none,False,0.15,0.9896825396825397,0.0016666666666666666,0.18333333333333332,0.012573793268059418,0.004999999999999999,0.2229848026709942
100,10,0.05,none,False,0.15,0.9896825396825397,0.0016666666666666666,0.18333333333333332,0.012573793268059418,0.004999999999999999,0.2229848026709942
300,3,0.05,none,False,0.15,0.9896825396825397,0.0016666666666666666,0.18333333333333332,0.012573793268059418,0.004999999999999999,0.2229848026709942
300,6,0.05,none,False,0.15,0.9896825396825397,0.0016666666666666666,0.18333333333333332,0.012573793268059418,0.004999999999999999,0.2229848026709942
300,10,0.05,none,False,0.15,0.9896825396825397,0.0016666666666666666,0.18333333333333332,0.012573793268059418,0.004999999999999999,0.2229848026709942
600,3,0.01,none,False,0.15,0.9896825396825397,0.0016666666666666666,0.18333333333333332,0.012573793268059418,0.004999999999999999,0.2229848026709942
600,3,0.05,none,False,0.15,0.9896825396825397,0.0016666666666666666,0.18333333333333332,0.012573793268059418,0.004999999999999999,0.2229848026709942
600,6,0.01,none,False,0.15,0.9896825396825397,0.0016666666666666666,0.18333333333333332,0.012573793268059418,0.004999999999999999,0.2229848026709942
600,6,0.05,none,False,0.15,0.9896825396825397,0.0016666666666666666,0.18333333333333332,0.012573793268059418,0.004999999999999999,0.2229848026709942
600,10,0.01,none,False,0.15,0.9896825396825397,0.0016666666666666666,0.18333333333333332,0.012573793268059418,0.004999999999999999,0.2229848026709942
600,10,0.05,none,False,0.15,0.9896825396825397,0.0016666666666666666,0.18333333333333332,0.012573793268059418,0.004999999999999999,0.2229848026709942
600,3,0.01,none,False,0.2,0.9888888888888889,0.0008333333333333333,0.21666666666666665,0.012397221707788347,0.0036324157862838947,0.24209731743889912
600,6,0.01,none,False,0.2,0.9888888888888889,0.0008333333333333333,0.21666666666666665,0.012397221707788347,0.0036324157862838947,0.24209731743889912
600,10,0.01,none,False,0.2,0.9888888888888889,0.0008333333333333333,0.21666666666666665,0.012397221707788347,0.0036324157862838947,0.24209731743889912
100,3,0.05,none,False,0.2,0.9880952380952381,0.0008333333333333333,0.2333333333333333,0.013161209485537305,0.0036324157862838947,0.2603416558635552
100,3,0.1,none,False,0.2,0.9880952380952381,0.0008333333333333333,0.2333333333333333,0.012166436283139603,0.0036324157862838947,0.23804761428476168
100,6,0.05,none,False,0.2,0.9880952380952381,0.0008333333333333333,0.2333333333333333,0.013161209485537305,0.0036324157862838947,0.2603416558635552
100,6,0.1,none,False,0.2,0.9880952380952381,0.0008333333333333333,0.2333333333333333,0.012166436283139603,0.0036324157862838947,0.23804761428476168
100,10,0.05,none,False,0.2,0.9880952380952381,0.0008333333333333333,0.2333333333333333,0.013161209485537305,0.0036324157862838947,0.2603416558635552
100,10,0.1,none,False,0.2,0.9880952380952381,0.0008333333333333333,0.2333333333333333,0.012166436283139603,0.0036324157862838947,0.23804761428476168
300,3,0.01,none,False,0.2,0.9880952380952381,0.0008333333333333333,0.2333333333333333,0.013161209485537305,0.0036324157862838947,0.2603416558635552
300,3,0.1,none,False,0.2,0.9880952380952381,0.0008333333333333333,0.2333333333333333,0.012166436283139603,0.0036324157862838947,0.23804761428476168
300,6,0.01,none,False,0.2,0.9880952380952381,0.0008333333333333333,0.2333333333333333,0.013161209485537305,0.0036324157862838947,0.2603416558635552
300,6,0.1,none,False,0.2,0.9880952380952381,0.0008333333333333333,0.2333333333333333,0.012166436283139603,0.0036324157862838947,0.23804761428476168
300,10,0.01,none,False,0.2,0.9880952380952381,0.0008333333333333333,0.2333333333333333,0.013161209485537305,0.0036324157862838947,0.2603416558635552
300,10,0.1,none,False,0.2,0.9880952380952381,0.0008333333333333333,0.2333333333333333,0.012166436283139603,0.0036324157862838947,0.23804761428476168
600,3,0.1,none,False,0.2,0.9880952380952381,0.0008333333333333333,0.2333333333333333,0.012166436283139603,0.0036324157862838947,0.23804761428476168
600,6,0.1,none,False,0.2,0.9880952380952381,0.0008333333333333333,0.2333333333333333,0.012166436283139603,0.0036324157862838947,0.23804761428476168
600,10,0.1,none,False,0.2,0.9880952380952381,0.0008333333333333333,0.2333333333333333,0.012166436283139603,0.0036324157862838947,0.23804761428476168
100,3,0.1,none,False,0.3,0.9873015873015873,0.0,0.26666666666666666,0.012895299054977718,0.0,0.27080128015453203
100,6,0.1,none,False,0.3,0.9873015873015873,0.0,0.26666666666666666,0.012895299054977718,0.0,0.27080128015453203
100,10,0.1,none,False,0.3,0.9873015873015873,0.0,0.26666666666666666,0.012895299054977718,0.0,0.27080128015453203
300,3,0.05,none,False,0.3,0.9873015873015873,0.0,0.26666666666666666,0.012895299054977718,0.0,0.27080128015453203
300,3,0.1,none,False,0.3,0.9873015873015873,0.0,0.26666666666666666,0.012895299054977718,0.0,0.27080128015453203
300,6,0.05,none,False,0.3,0.9873015873015873,0.0,0.26666666666666666,0.012895299054977718,0.0,0.27080128015453203
300,6,0.1,none,False,0.3,0.9873015873015873,0.0,0.26666666666666666,0.012895299054977718,0.0,0.27080128015453203
300,10,0.05,none,False,0.3,0.9873015873015873,0.0,0.26666666666666666,0.012895299054977718,0.0,0.27080128015453203
300,10,0.1,none,False,0.3,0.9873015873015873,0.0,0.26666666666666666,0.012895299054977718,0.0,0.27080128015453203
600,3,0.01,none,False,0.3,0.9873015873015873,0.0,0.26666666666666666,0.012895299054977718,0.0,0.27080128015453203
600,3,0.05,none,False,0.3,0.9873015873015873,0.0,0.26666666666666666,0.012895299054977718,0.0,0.27080128015453203
600,3,0.1,none,False,0.3,0.9873015873015873,0.0,0.26666666666666666,0.012895299054977718,0.0,0.27080128015453203
600,6,0.01,none,False,0.3,0.9873015873015873,0.0,0.26666666666666666,0.012895299054977718,0.0,0.27080128015453203
600,6,0.05,none,False,0.3,0.9873015873015873,0.0,0.26666666666666666,0.012895299054977718,0.0,0.27080128015453203
600,6,0.1,none,False,0.3,0.9873015873015873,0.0,0.26666666666666666,0.012895299054977718,0.0,0.27080128015453203
600,10,0.01,none,False,0.3,0.9873015873015873,0.0,0.26666666666666666,0.012895299054977718,0.0,0.27080128015453203
600,10,0.05,none,False,0.3,0.9873015873015873,0.0,0.26666666666666666,0.012895299054977718,0.0,0.27080128015453203
600,10,0.1,none,False,0.3,0.9873015873015873,0.0,0.26666666666666666,0.012895299054977718,0.0,0.27080128015453203
100,3,0.05,none,False,0.1,0.9873015873015873,0.005,0.16666666666666666,0.014720029357929695,0.009279607271383371,0.22360679774997896
100,6,0.05,none,False,0.1,0.9873015873015873,0.005,0.16666666666666666,0.014720029357929695,0.009279607271383371,0.22360679774997896
100,10,0.05,none,False,0.1,0.9873015873015873,0.005,0.16666666666666666,0.014720029357929695,0.009279607271383371,0.22360679774997896
100,3,0.1,none,False,0.1,0.9873015873015873,0.006666666666666666,0.13333333333333333,0.013837774423938649,0.011055415967851333,0.22110831935702666
100,6,0.1,none,False,0.1,0.9873015873015873,0.006666666666666666,0.13333333333333333,0.013837774423938649,0.011055415967851333,0.22110831935702666
100,10,0.1,none,False,0.1,0.9873015873015873,0.006666666666666666,0.13333333333333333,0.013837774423938649,0.011055415967851333,0.22110831935702666
300,3,0.05,none,False,0.1,0.9873015873015873,0.006666666666666666,0.13333333333333333,0.013837774423938647,0.011055415967851333,0.22110831935702666
300,3,0.1,none,False,0.1,0.9873015873015873,0.006666666666666666,0.13333333333333333,0.013837774423938649,0.011055415967851333,0.22110831935702666
300,6,0.05,none,False,0.1,0.9873015873015873,0.006666666666666666,0.13333333333333333,0.013837774423938647,0.011055415967851333,0.22110831935702666
300,6,0.1,none,False,0.1,0.9873015873015873,0.006666666666666666,0.13333333333333333,0.013837774423938649,0.011055415967851333,0.22110831935702666
300,10,0.05,none,False,0.1,0.9873015873015873,0.006666666666666666,0.13333333333333333,0.013837774423938647,0.011055415967851333,0.22110831935702666
300,10,0.1,none,False,0.1,0.9873015873015873,0.006666666666666666,0.13333333333333333,0.013837774423938649,0.011055415967851333,0.22110831935702666
600,3,0.05,none,False,0.1,0.9873015873015873,0.006666666666666666,0.13333333333333333,0.013837774423938647,0.011055415967851333,0.22110831935702666
600,3,0.1,none,False,0.1,0.9873015873015873,0.006666666666666666,0.13333333333333333,0.013837774423938649,0.011055415967851333,0.22110831935702666
600,6,0.05,none,False,0.1,0.9873015873015873,0.006666666666666666,0.13333333333333333,0.013837774423938647,0.011055415967851333,0.22110831935702666
600,6,0.1,none,False,0.1,0.9873015873015873,0.006666666666666666,0.13333333333333333,0.013837774423938649,0.011055415967851333,0.22110831935702666
600,10,0.05,none,False,0.1,0.9873015873015873,0.006666666666666666,0.13333333333333333,0.013837774423938647,0.011055415967851333,0.22110831935702666
600,10,0.1,none,False,0.1,0.9873015873015873,0.006666666666666666,0.13333333333333333,0.013837774423938649,0.011055415967851333,0.22110831935702666
100,3,0.05,none,False,0.3,0.9865079365079366,0.0,0.2833333333333333,0.012573793268059415,0.0,0.2640496586292476
100,6,0.05,none,False,0.3,0.9865079365079366,0.0,0.2833333333333333,0.012573793268059415,0.0,0.2640496586292476
100,10,0.05,none,False,0.3,0.9865079365079366,0.0,0.2833333333333333,0.012573793268059415,0.0,0.2640496586292476
300,3,0.01,none,False,0.15,0.9865079365079366,0.003333333333333333,0.21666666666666665,0.012573793268059416,0.006666666666666667,0.24209731743889912
300,6,0.01,none,False,0.15,0.9865079365079366,0.003333333333333333,0.21666666666666665,0.012573793268059416,0.006666666666666667,0.24209731743889912
300,10,0.01,none,False,0.15,0.9865079365079366,0.003333333333333333,0.21666666666666665,0.012573793268059416,0.006666666666666667,0.24209731743889912
300,3,0.01,none,False,0.3,0.9857142857142858,0.0,0.29999999999999993,0.014108245106850142,0.0,0.29627314724385295
300,6,0.01,none,False,0.3,0.9857142857142858,0.0,0.29999999999999993,0.014108245106850142,0.0,0.29627314724385295
300,10,0.01,none,False,0.3,0.9857142857142858,0.0,0.29999999999999993,0.014108245106850142,0.0,0.29627314724385295
100,3,0.1,balanced,False,0.3,0.9857142857142858,0.004999999999999999,0.2,0.014108245106850149,0.009279607271383371,0.22110831935702666
100,6,0.1,balanced,False,0.3,0.9857142857142858,0.004999999999999999,0.2,0.014108245106850149,0.009279607271383371,0.22110831935702666
100,10,0.1,balanced,False,0.3,0.9857142857142858,0.004999999999999999,0.2,0.014108245106850149,0.009279607271383371,0.22110831935702666
300,3,0.1,balanced,False,0.3,0.9857142857142858,0.004999999999999999,0.2,0.014108245106850149,0.009279607271383371,0.22110831935702666
300,6,0.1,balanced,False,0.3,0.9857142857142858,0.004999999999999999,0.2,0.014108245106850149,0.009279607271383371,0.22110831935702666
300,10,0.1,balanced,False,0.3,0.9857142857142858,0.004999999999999999,0.2,0.014108245106850149,0.009279607271383371,0.22110831935702666
600,3,0.1,balanced,False,0.3,0.9857142857142858,0.004999999999999999,0.2,0.014108245106850149,0.009279607271383371,0.22110831935702666
600,6,0.1,balanced,False,0.3,0.9857142857142858,0.004999999999999999,0.2,0.014108245106850149,0.009279607271383371,0.22110831935702666
600,10,0.1,balanced,False,0.3,0.9857142857142858,0.004999999999999999,0.2,0.014108245106850149,0.009279607271383371,0.22110831935702666
600,3,0.01,none,False,0.1,0.9857142857142858,0.005833333333333334,0.18333333333333332,0.01497457322548668,0.009537935951882999,0.2229848026709942
600,6,0.01,none,False,0.1,0.9857142857142858,0.005833333333333334,0.18333333333333332,0.01497457322548668,0.009537935951882999,0.2229848026709942
600,10,0.01,none,False,0.1,0.9857142857142858,0.005833333333333334,0.18333333333333332,0.01497457322548668,0.009537935951882999,0.2229848026709942
100,3,0.01,none,False,0.15,0.984920634920635,0.003333333333333333,0.24999999999999994,0.013723505131579827,0.009999999999999998,0.2763853991962833
100,6,0.01,none,False,0.15,0.984920634920635,0.003333333333333333,0.24999999999999994,0.013723505131579827,0.009999999999999998,0.2763853991962833
100,10,0.01,none,False,0.15,0.984920634920635,0.003333333333333333,0.24999999999999994,0.013723505131579827,0.009999999999999998,0.2763853991962833
300,3,0.01,none,False,0.1,0.984920634920635,0.0075,0.16666666666666666,0.014612660825017443,0.011149240133549709,0.22360679774997896
300,6,0.01,none,False,0.1,0.984920634920635,0.0075,0.16666666666666666,0.014612660825017443,0.011149240133549709,0.22360679774997896
300,10,0.01,none,False,0.1,0.984920634920635,0.0075,0.16666666666666666,0.014612660825017443,0.011149240133549709,0.22360679774997896
300,3,0.05,balanced,False,0.3,0.9841269841269842,0.004999999999999999,0.2333333333333333,0.016647759494764307,0.009279607271383371,0.2603416558635552
300,6,0.05,balanced,False,0.3,0.9841269841269842,0.004999999999999999,0.2333333333333333,0.016647759494764307,0.009279607271383371,0.2603416558635552
300,10,0.05,balanced,False,0.3,0.9841269841269842,0.004999999999999999,0.2333333333333333,0.016647759494764307,0.009279607271383371,0.2603416558635552
600,3,0.05,balanced,False,0.3,0.9841269841269842,0.004999999999999999,0.2333333333333333,0.016647759494764307,0.009279607271383371,0.2603416558635552
600,6,0.05,balanced,False,0.3,0.9841269841269842,0.004999999999999999,0.2333333333333333,0.016647759494764307,0.009279607271383371,0.2603416558635552
600,10,0.05,balanced,False,0.3,0.9841269841269842,0.004999999999999999,0.2333333333333333,0.016647759494764307,0.009279607271383371,0.2603416558635552
300,3,0.05,balanced,False,0.2,0.9841269841269842,0.006666666666666666,0.2,0.017388017698576706,0.013333333333333334,0.22110831935702666
300,6,0.05,balanced,False,0.2,0.9841269841269842,0.006666666666666666,0.2,0.017388017698576706,0.013333333333333334,0.22110831935702666
300,10,0.05,balanced,False,0.2,0.9841269841269842,0.006666666666666666,0.2,0.017388017698576706,0.013333333333333334,0.22110831935702666
600,3,0.05,balanced,False,0.2,0.9841269841269842,0.006666666666666666,0.2,0.017388017698576706,0.013333333333333334,0.22110831935702666
600,6,0.05,balanced,False,0.2,0.9841269841269842,0.006666666666666666,0.2,0.017388017698576706,0.013333333333333334,0.22110831935702666
600,10,0.05,balanced,False,0.2,0.9841269841269842,0.006666666666666666,0.2,0.017388017698576706,0.013333333333333334,0.22110831935702666
100,3,0.01,none,False,0.2,0.9833333333333334,0.0,0.35,0.01461266082501744,0.0,0.30686587732536613
100,6,0.01,none,False,0.2,0.9833333333333334,0.0,0.35,0.01461266082501744,0.0,0.30686587732536613
100,10,0.01,none,False,0.2,0.9833333333333334,0.0,0.35,0.01461266082501744,0.0,0.30686587732536613
100,3,0.1,balanced,False,0.5,0.9833333333333334,0.003333333333333333,0.2833333333333333,0.017728815796578312,0.008498365855987974,0.30322342331100416
100,6,0.1,balanced,False,0.5,0.9833333333333334,0.003333333333333333,0.2833333333333333,0.017728815796578312,0.008498365855987974,0.30322342331100416
100,10,0.1,balanced,False,0.5,0.9833333333333334,0.003333333333333333,0.2833333333333333,0.017728815796578312,0.008498365855987974,0.30322342331100416
300,3,0.05,balanced,False,0.5,0.9833333333333334,0.003333333333333333,0.2833333333333333,0.017728815796578312,0.008498365855987974,0.30322342331100416
300,3,0.1,balanced,False,0.5,0.9833333333333334,0.003333333333333333,0.2833333333333333,0.017728815796578312,0.008498365855987974,0.30322342331100416
300,6,0.05,balanced,False,0.5,0.9833333333333334,0.003333333333333333,0.2833333333333333,0.017728815796578312,0.008498365855987974,0.30322342331100416
300,6,0.1,balanced,False,0.5,0.9833333333333334,0.003333333333333333,0.2833333333333333,0.017728815796578312,0.008498365855987974,0.30322342331100416
300,10,0.05,balanced,False,0.5,0.9833333333333334,0.003333333333333333,0.2833333333333333,0.017728815796578312,0.008498365855987974,0.30322342331100416
300,10,0.1,balanced,False,0.5,0.9833333333333334,0.003333333333333333,0.2833333333333333,0.017728815796578312,0.008498365855987974,0.30322342331100416
600,3,0.05,balanced,False,0.5,0.9833333333333334,0.003333333333333333,0.2833333333333333,0.017728815796578312,0.008498365855987974,0.30322342331100416
600,3,0.1,balanced,False,0.5,0.9833333333333334,0.003333333333333333,0.2833333333333333,0.017728815796578312,0.008498365855987974,0.30322342331100416
600,6,0.05,balanced,False,0.5,0.9833333333333334,0.003333333333333333,0.2833333333333333,0.017728815796578312,0.008498365855987974,0.30322342331100416
600,6,0.1,balanced,False,0.5,0.9833333333333334,0.003333333333333333,0.2833333333333333,0.017728815796578312,0.008498365855987974,0.30322342331100416
600,10,0.05,balanced,False,0.5,0.9833333333333334,0.003333333333333333,0.2833333333333333,0.017728815796578312,0.008498365855987974,0.30322342331100416
600,10,0.1,balanced,False,0.5,0.9833333333333334,0.003333333333333333,0.2833333333333333,0.017728815796578312,0.008498365855987974,0.30322342331100416
600,3,0.01,balanced,False,0.5,0.9833333333333334,0.004166666666666667,0.26666666666666666,0.017003401020340116,0.008936504412303007,0.2905932629027116
600,6,0.01,balanced,False,0.5,0.9833333333333334,0.004166666666666667,0.26666666666666666,0.017003401020340116,0.008936504412303007,0.2905932629027116
600,10,0.01,balanced,False,0.5,0.9833333333333334,0.004166666666666667,0.26666666666666666,0.017003401020340116,0.008936504412303007,0.2905932629027116
600,3,0.01,balanced,False,0.3,0.9833333333333334,0.005833333333333333,0.2333333333333333,0.01772881579657832,0.010897247358851683,0.2603416558635552
600,6,0.01,balanced,False,0.3,0.9833333333333334,0.005833333333333333,0.2333333333333333,0.01772881579657832,0.010897247358851683,0.2603416558635552
600,10,0.01,balanced,False,0.3,0.9833333333333334,0.005833333333333333,0.2333333333333333,0.01772881579657832,0.010897247358851683,0.2603416558635552
100,3,0.01,none,False,0.1,0.9833333333333334,0.008333333333333333,0.18333333333333332,0.013723505131579826,0.012360330811826106,0.22298480267099421
100,6,0.01,none,False,0.1,0.9833333333333334,0.008333333333333333,0.18333333333333332,0.013723505131579826,0.012360330811826106,0.22298480267099421
100,10,0.01,none,False,0.1,0.9833333333333334,0.008333333333333333,0.18333333333333332,0.013723505131579826,0.012360330811826106,0.22298480267099421
100,3,0.05,balanced,False,0.5,0.9825396825396826,0.004166666666666667,0.2833333333333333,0.01731541605497732,0.008936504412303007,0.30322342331100416
100,6,0.05,balanced,False,0.5,0.9825396825396826,0.004166666666666667,0.2833333333333333,0.01731541605497732,0.008936504412303007,0.30322342331100416
100,10,0.05,balanced,False,0.5,0.9825396825396826,0.004166666666666667,0.2833333333333333,0.01731541605497732,0.008936504412303007,0.30322342331100416
100,3,0.1,balanced,False,0.2,0.9825396825396826,0.008333333333333333,0.2,0.01802828046285802,0.013437096247164252,0.22110831935702666
100,6,0.1,balanced,False,0.2,0.9825396825396826,0.008333333333333333,0.2,0.01802828046285802,0.013437096247164252,0.22110831935702666
100,10,0.1,balanced,False,0.2,0.9825396825396826,0.008333333333333333,0.2,0.01802828046285802,0.013437096247164252,0.22110831935702666
300,3,0.1,balanced,False,0.2,0.9825396825396826,0.008333333333333333,0.2,0.01802828046285802,0.013437096247164252,0.22110831935702666
300,6,0.1,balanced,False,0.2,0.9825396825396826,0.008333333333333333,0.2,0.01802828046285802,0.013437096247164252,0.22110831935702666
300,10,0.1,balanced,False,0.2,0.9825396825396826,0.008333333333333333,0.2,0.01802828046285802,0.013437096247164252,0.22110831935702666
600,3,0.1,balanced,False,0.2,0.9825396825396826,0.008333333333333333,0.2,0.01802828046285802,0.013437096247164252,0.22110831935702666
600,6,0.1,balanced,False,0.2,0.9825396825396826,0.008333333333333333,0.2,0.01802828046285802,0.013437096247164252,0.22110831935702666
600,10,0.1,balanced,False,0.2,0.9825396825396826,0.008333333333333333,0.2,0.01802828046285802,0.013437096247164252,0.22110831935702666
100,3,0.1,none,False,0.5,0.9817460317460318,0.0,0.38333333333333325,0.01608978962913754,0.0,0.3378855822118882
100,6,0.1,none,False,0.5,0.9817460317460318,0.0,0.38333333333333325,0.01608978962913754,0.0,0.3378855822118882
100,10,0.1,none,False,0.5,0.9817460317460318,0.0,0.38333333333333325,0.01608978962913754,0.0,0.3378855822118882
300,3,0.1,none,False,0.5,0.9817460317460318,0.0,0.38333333333333325,0.01608978962913754,0.0,0.3378855822118882
300,6,0.1,none,False,0.5,0.9817460317460318,0.0,0.38333333333333325,0.01608978962913754,0.0,0.3378855822118882
300,10,0.1,none,False,0.5,0.9817460317460318,0.0,0.38333333333333325,0.01608978962913754,0.0,0.3378855822118882
600,3,0.1,none,False,0.5,0.9817460317460318,0.0,0.38333333333333325,0.01608978962913754,0.0,0.3378855822118882
600,6,0.1,none,False,0.5,0.9817460317460318,0.0,0.38333333333333325,0.01608978962913754,0.0,0.3378855822118882
600,10,0.1,none,False,0.5,0.9817460317460318,0.0,0.38333333333333325,0.01608978962913754,0.0,0.3378855822118882
600,3,0.01,balanced,False,0.2,0.9817460317460316,0.009166666666666667,0.2,0.01758612683028599,0.013411230782859234,0.22110831935702666
100,3,0.05,balanced,False,0.3,0.980952380952381,0.008333333333333333,0.2333333333333333,0.018510958396334282,0.013437096247164252,0.2603416558635552
100,6,0.05,balanced,False,0.3,0.980952380952381,0.008333333333333333,0.2333333333333333,0.018510958396334282,0.013437096247164252,0.2603416558635552
100,10,0.05,balanced,False,0.3,0.980952380952381,0.008333333333333333,0.2333333333333333,0.018510958396334282,0.013437096247164252,0.2603416558635552
300,3,0.01,none,False,0.5,0.9809523809523808,0.0,0.39999999999999997,0.017095761292490498,0.0,0.3590109871423003
300,6,0.01,none,False,0.5,0.9809523809523808,0.0,0.39999999999999997,0.017095761292490498,0.0,0.3590109871423003
300,10,0.01,none,False,0.5,0.9809523809523808,0.0,0.39999999999999997,0.017095761292490498,0.0,0.3590109871423003
100,3,0.1,balanced,False,0.15,0.9809523809523808,0.009999999999999998,0.2,0.019825390471106034,0.01615893285805443,0.22110831935702666
100,6,0.1,balanced,False,0.15,0.9809523809523808,0.009999999999999998,0.2,0.019825390471106034,0.01615893285805443,0.22110831935702666
100,10,0.1,balanced,False,0.15,0.9809523809523808,0.009999999999999998,0.2,0.019825390471106034,0.01615893285805443,0.22110831935702666
300,3,0.05,balanced,False,0.15,0.9809523809523808,0.009999999999999998,0.2,0.019825390471106034,0.01615893285805443,0.22110831935702666
300,3,0.1,balanced,False,0.15,0.9809523809523808,0.009999999999999998,0.2,0.019825390471106034,0.01615893285805443,0.22110831935702666
300,6,0.05,balanced,False,0.15,0.9809523809523808,0.009999999999999998,0.2,0.019825390471106034,0.01615893285805443,0.22110831935702666
300,6,0.1,balanced,False,0.15,0.9809523809523808,0.009999999999999998,0.2,0.019825390471106034,0.01615893285805443,0.22110831935702666
300,10,0.05,balanced,False,0.15,0.9809523809523808,0.009999999999999998,0.2,0.019825390471106034,0.01615893285805443,0.22110831935702666
300,10,0.1,balanced,False,0.15,0.9809523809523808,0.009999999999999998,0.2,0.019825390471106034,0.01615893285805443,0.22110831935702666
600,3,0.05,balanced,False,0.15,0.9809523809523808,0.009999999999999998,0.2,0.019825390471106034,0.01615893285805443,0.22110831935702666
600,3,0.1,balanced,False,0.15,0.9809523809523808,0.009999999999999998,0.2,0.019825390471106034,0.01615893285805443,0.22110831935702666
600,6,0.01,balanced,False,0.2,0.9809523809523808,0.009999999999999998,0.2,0.01709576129249049,0.013333333333333336,0.22110831935702666
600,6,0.05,balanced,False,0.15,0.9809523809523808,0.009999999999999998,0.2,0.019825390471106034,0.01615893285805443,0.22110831935702666
600,6,0.1,balanced,False,0.15,0.9809523809523808,0.009999999999999998,0.2,0.019825390471106034,0.01615893285805443,0.22110831935702666
600,10,0.01,balanced,False,0.2,0.9809523809523808,0.009999999999999998,0.2,0.01709576129249049,0.013333333333333336,0.22110831935702666
600,10,0.05,balanced,False,0.15,0.9809523809523808,0.009999999999999998,0.2,0.019825390471106034,0.01615893285805443,0.22110831935702666
600,10,0.1,balanced,False,0.15,0.9809523809523808,0.009999999999999998,0.2,0.019825390471106034,0.01615893285805443,0.22110831935702666
100,3,0.05,none,False,0.5,0.98015873015873,0.0,0.4166666666666667,0.01655289969413827,0.0,0.3476108935769035
100,6,0.05,none,False,0.5,0.98015873015873,0.0,0.4166666666666667,0.01655289969413827,0.0,0.3476108935769035
100,10,0.05,none,False,0.5,0.98015873015873,0.0,0.4166666666666667,0.01655289969413827,0.0,0.3476108935769035
300,3,0.05,none,False,0.5,0.98015873015873,0.0,0.4166666666666667,0.01655289969413827,0.0,0.3476108935769035
300,6,0.05,none,False,0.5,0.98015873015873,0.0,0.4166666666666667,0.01655289969413827,0.0,0.3476108935769035
300,10,0.05,none,False,0.5,0.98015873015873,0.0,0.4166666666666667,0.01655289969413827,0.0,0.3476108935769035
600,3,0.01,none,False,0.5,0.98015873015873,0.0,0.4166666666666667,0.01655289969413827,0.0,0.3476108935769035
600,3,0.05,none,False,0.5,0.98015873015873,0.0,0.4166666666666667,0.01655289969413827,0.0,0.3476108935769035
600,6,0.01,none,False,0.5,0.98015873015873,0.0,0.4166666666666667,0.01655289969413827,0.0,0.3476108935769035
600,6,0.05,none,False,0.5,0.98015873015873,0.0,0.4166666666666667,0.01655289969413827,0.0,0.3476108935769035
600,10,0.01,none,False,0.5,0.98015873015873,0.0,0.4166666666666667,0.01655289969413827,0.0,0.3476108935769035
600,10,0.05,none,False,0.5,0.98015873015873,0.0,0.4166666666666667,0.01655289969413827,0.0,0.3476108935769035
300,3,0.01,balanced,False,0.5,0.9785714285714286,0.008333333333333333,0.2833333333333333,0.020862602266817326,0.013437096247164252,0.30322342331100416
300,6,0.01,balanced,False,0.5,0.9785714285714286,0.008333333333333333,0.2833333333333333,0.020862602266817326,0.013437096247164252,0.30322342331100416
300,10,0.01,balanced,False,0.5,0.9785714285714286,0.008333333333333333,0.2833333333333333,0.020862602266817326,0.013437096247164252,0.30322342331100416
100,3,0.05,balanced,False,0.2,0.9785714285714284,0.0125,0.2,0.016854571890155,0.012774758097296578,0.22110831935702666
100,6,0.05,balanced,False,0.2,0.9785714285714284,0.0125,0.2,0.016854571890155,0.012774758097296578,0.22110831935702666
100,10,0.05,balanced,False,0.2,0.9785714285714284,0.0125,0.2,0.016854571890155,0.012774758097296578,0.22110831935702666
300,3,0.01,balanced,False,0.3,0.9777777777777776,0.010833333333333332,0.24999999999999994,0.020327378531532853,0.013202482931462383,0.2763853991962833
300,6,0.01,balanced,False,0.3,0.9777777777777776,0.010833333333333332,0.24999999999999994,0.020327378531532853,0.013202482931462383,0.2763853991962833
300,10,0.01,balanced,False,0.3,0.9777777777777776,0.010833333333333332,0.24999999999999994,0.020327378531532853,0.013202482931462383,0.2763853991962833
600,3,0.01,balanced,False,0.15,0.9777777777777776,0.013333333333333332,0.2,0.020327378531532863,0.01632993161855452,0.22110831935702666
100,3,0.01,none,False,0.3,0.9769841269841268,0.0,0.4833333333333333,0.01842569327975223,0.0,0.38693955887479664
100,6,0.01,none,False,0.3,0.9769841269841268,0.0,0.4833333333333333,0.01842569327975223,0.0,0.38693955887479664
100,10,0.01,none,False,0.3,0.9769841269841268,0.0,0.4833333333333333,0.01842569327975223,0.0,0.38693955887479664
600,6,0.01,balanced,False,0.15,0.9769841269841268,0.014166666666666666,0.2,0.020373805798402287,0.01689427911059441,0.22110831935702666
600,10,0.01,balanced,False,0.15,0.9769841269841268,0.014166666666666666,0.2,0.020373805798402287,0.01689427911059441,0.22110831935702666
100,3,0.1,balanced,False,0.1,0.9769841269841268,0.015,0.18333333333333332,0.021575043204870147,0.01740051084818425,0.2229848026709942
100,6,0.1,balanced,False,0.1,0.9769841269841268,0.015,0.18333333333333332,0.021575043204870147,0.01740051084818425,0.2229848026709942
100,10,0.1,balanced,False,0.1,0.9769841269841268,0.015,0.18333333333333332,0.021575043204870147,0.01740051084818425,0.2229848026709942
300,3,0.05,balanced,False,0.1,0.9769841269841268,0.015,0.18333333333333332,0.021575043204870147,0.01740051084818425,0.2229848026709942
300,6,0.05,balanced,False,0.1,0.9769841269841268,0.015,0.18333333333333332,0.021575043204870147,0.01740051084818425,0.2229848026709942
300,10,0.05,balanced,False,0.1,0.9769841269841268,0.015,0.18333333333333332,0.021575043204870147,0.01740051084818425,0.2229848026709942
600,3,0.05,balanced,False,0.1,0.9769841269841268,0.015,0.18333333333333332,0.021575043204870147,0.01740051084818425,0.2229848026709942
600,6,0.05,balanced,False,0.1,0.9769841269841268,0.015,0.18333333333333332,0.021575043204870147,0.01740051084818425,0.2229848026709942
600,10,0.05,balanced,False,0.1,0.9769841269841268,0.015,0.18333333333333332,0.021575043204870147,0.01740051084818425,0.2229848026709942
300,3,0.1,balanced,False,0.1,0.976190476190476,0.015,0.2,0.020998026278290415,0.01740051084818425,0.22110831935702666
300,6,0.1,balanced,False,0.1,0.976190476190476,0.015,0.2,0.020998026278290415,0.01740051084818425,0.22110831935702666
300,10,0.1,balanced,False,0.1,0.976190476190476,0.015,0.2,0.020998026278290415,0.01740051084818425,0.22110831935702666
600,3,0.1,balanced,False,0.1,0.976190476190476,0.015,0.2,0.020998026278290415,0.01740051084818425,0.22110831935702666
600,6,0.1,balanced,False,0.1,0.976190476190476,0.015,0.2,0.020998026278290415,0.01740051084818425,0.22110831935702666
600,10,0.1,balanced,False,0.1,0.976190476190476,0.015,0.2,0.020998026278290415,0.01740051084818425,0.22110831935702666
100,3,0.05,balanced,False,0.15,0.9753968253968253,0.01583333333333333,0.2,0.019097157802406298,0.01622326861160982,0.22110831935702666
100,6,0.05,balanced,False,0.15,0.9753968253968253,0.01583333333333333,0.2,0.019097157802406298,0.01622326861160982,0.22110831935702666
100,10,0.05,balanced,False,0.15,0.9753968253968253,0.01583333333333333,0.2,0.019097157802406298,0.01622326861160982,0.22110831935702666
600,3,0.01,balanced,False,0.1,0.9753968253968253,0.01583333333333333,0.2,0.019097157802406298,0.01622326861160982,0.22110831935702666
600,6,0.01,balanced,False,0.1,0.9753968253968253,0.01583333333333333,0.2,0.019097157802406298,0.01622326861160982,0.22110831935702666
600,10,0.01,balanced,False,0.1,0.9753968253968253,0.01583333333333333,0.2,0.019097157802406298,0.01622326861160982,0.22110831935702666
300,3,0.01,balanced,False,0.2,0.9746031746031745,0.01583333333333333,0.21666666666666665,0.021531206295635777,0.017057907908715603,0.24209731743889915
300,6,0.01,balanced,False,0.2,0.9746031746031745,0.01583333333333333,0.21666666666666665,0.021531206295635777,0.017057907908715603,0.24209731743889915
300,10,0.01,balanced,False,0.2,0.9746031746031745,0.01583333333333333,0.21666666666666665,0.021531206295635777,0.017057907908715603,0.24209731743889915
100,3,0.05,balanced,False,0.1,0.9738095238095237,0.018333333333333333,0.18333333333333332,0.01961778903858457,0.01740051084818425,0.22298480267099421
100,6,0.05,balanced,False,0.1,0.9738095238095237,0.018333333333333333,0.18333333333333332,0.01961778903858457,0.01740051084818425,0.22298480267099421
100,10,0.05,balanced,False,0.1,0.9738095238095237,0.018333333333333333,0.18333333333333332,0.01961778903858457,0.01740051084818425,0.22298480267099421
100,3,0.01,balanced,False,0.5,0.9722222222222221,0.015,0.2833333333333333,0.03362495264176963,0.02351122663277648,0.3210226714043037
100,6,0.01,balanced,False,0.5,0.9722222222222221,0.015,0.2833333333333333,0.03362495264176963,0.02351122663277648,0.3210226714043037
100,10,0.01,balanced,False,0.5,0.9722222222222221,0.015,0.2833333333333333,0.03362495264176963,0.02351122663277648,0.3210226714043037
100,3,0.01,balanced,False,0.3,0.9690476190476189,0.019999999999999997,0.24999999999999994,0.031134992453861948,0.025055493963954848,0.2763853991962833
100,6,0.01,balanced,False,0.3,0.9690476190476189,0.019999999999999997,0.24999999999999994,0.031134992453861948,0.025055493963954848,0.2763853991962833
100,10,0.01,balanced,False,0.3,0.9690476190476189,0.019999999999999997,0.24999999999999994,0.031134992453861948,0.025055493963954848,0.2763853991962833
100,3,0.01,none,True,0.5,0.9682539682539681,0.018333333333333333,0.29999999999999993,0.036196045241242474,0.037969285832981724,0.2768874620972691
100,6,0.01,none,True,0.5,0.9682539682539681,0.018333333333333333,0.29999999999999993,0.036196045241242474,0.037969285832981724,0.2768874620972691
100,10,0.01,none,True,0.5,0.9682539682539681,0.018333333333333333,0.29999999999999993,0.036196045241242474,0.037969285832981724,0.2768874620972691
300,3,0.01,balanced,False,0.15,0.9674603174603174,0.024166666666666666,0.2,0.02483252039232066,0.023258809561588108,0.22110831935702666
300,6,0.01,balanced,False,0.15,0.9674603174603174,0.024166666666666666,0.2,0.02483252039232066,0.023258809561588108,0.22110831935702666
300,10,0.01,balanced,False,0.15,0.9674603174603174,0.024166666666666666,0.2,0.02483252039232066,0.023258809561588108,0.22110831935702666
600,3,0.01,none,True,0.5,0.9563492063492063,0.036666666666666674,0.18333333333333332,0.03544874830813856,0.03749073959733997,0.2229848026709942
600,6,0.01,none,True,0.5,0.9563492063492063,0.036666666666666674,0.18333333333333332,0.03544874830813856,0.03749073959733997,0.2229848026709942
600,10,0.01,none,True,0.5,0.9563492063492063,0.036666666666666674,0.18333333333333332,0.03544874830813856,0.03749073959733997,0.2229848026709942
100,3,0.1,none,True,0.5,0.9547619047619047,0.037500000000000006,0.2,0.03414543613380786,0.035697416651006494,0.22110831935702666
100,6,0.1,none,True,0.5,0.9547619047619047,0.037500000000000006,0.2,0.03414543613380786,0.035697416651006494,0.22110831935702666
100,10,0.1,none,True,0.5,0.9547619047619047,0.037500000000000006,0.2,0.03414543613380786,0.035697416651006494,0.22110831935702666
300,3,0.1,none,True,0.5,0.9547619047619047,0.037500000000000006,0.2,0.03414543613380786,0.035697416651006494,0.22110831935702666
300,6,0.1,none,True,0.5,0.9547619047619047,0.037500000000000006,0.2,0.03414543613380786,0.035697416651006494,0.22110831935702666
300,10,0.1,none,True,0.5,0.9547619047619047,0.037500000000000006,0.2,0.03414543613380786,0.035697416651006494,0.22110831935702666
600,3,0.1,none,True,0.5,0.9547619047619047,0.037500000000000006,0.2,0.03414543613380786,0.035697416651006494,0.22110831935702666
600,6,0.1,none,True,0.5,0.9547619047619047,0.037500000000000006,0.2,0.03414543613380786,0.035697416651006494,0.22110831935702666
600,10,0.1,none,True,0.5,0.9547619047619047,0.037500000000000006,0.2,0.03414543613380786,0.035697416651006494,0.22110831935702666
300,3,0.05,none,True,0.5,0.9539682539682539,0.03833333333333334,0.2,0.035457631593156624,0.03730504880933232,0.22110831935702666
300,6,0.05,none,True,0.5,0.9539682539682539,0.03833333333333334,0.2,0.035457631593156624,0.03730504880933232,0.22110831935702666
300,10,0.05,none,True,0.5,0.9539682539682539,0.03833333333333334,0.2,0.035457631593156624,0.03730504880933232,0.22110831935702666
600,3,0.05,none,True,0.5,0.9539682539682539,0.03833333333333334,0.2,0.035457631593156624,0.03730504880933232,0.22110831935702666
600,6,0.05,none,True,0.5,0.9539682539682539,0.03833333333333334,0.2,0.035457631593156624,0.03730504880933232,0.22110831935702666
600,10,0.05,none,True,0.5,0.9539682539682539,0.03833333333333334,0.2,0.035457631593156624,0.03730504880933232,0.22110831935702666
100,3,0.05,none,True,0.5,0.9531746031746031,0.03916666666666667,0.2,0.035306311777040036,0.03699662146737186,0.22110831935702666
100,6,0.05,none,True,0.5,0.9531746031746031,0.03916666666666667,0.2,0.035306311777040036,0.03699662146737186,0.22110831935702666
100,10,0.05,none,True,0.5,0.9531746031746031,0.03916666666666667,0.2,0.035306311777040036,0.03699662146737186,0.22110831935702666
100,3,0.01,none,False,0.5,0.9523809523809523,0.0,1.0,0.0,0.0,0.0
100,6,0.01,none,False,0.5,0.9523809523809523,0.0,1.0,0.0,0.0,0.0
100,10,0.01,none,False,0.5,0.9523809523809523,0.0,1.0,0.0,0.0,0.0
300,3,0.01,none,True,0.5,0.9523809523809523,0.038333333333333344,0.2333333333333333,0.036885555678165864,0.03982601048449507,0.23804761428476168
300,6,0.01,none,True,0.5,0.9523809523809523,0.038333333333333344,0.2333333333333333,0.036885555678165864,0.03982601048449507,0.23804761428476168
300,10,0.01,none,True,0.5,0.9523809523809523,0.038333333333333344,0.2333333333333333,0.036885555678165864,0.03982601048449507,0.23804761428476168
300,3,0.01,balanced,False,0.1,0.9515873015873015,0.04166666666666668,0.18333333333333332,0.034585331062699884,0.034761089357690345,0.22298480267099421
300,6,0.01,balanced,False,0.1,0.9515873015873015,0.04166666666666668,0.18333333333333332,0.034585331062699884,0.034761089357690345,0.22298480267099421
300,10,0.01,balanced,False,0.1,0.9515873015873015,0.04166666666666668,0.18333333333333332,0.034585331062699884,0.034761089357690345,0.22298480267099421
300,3,0.05,balanced,True,0.5,0.9388888888888889,0.057499999999999996,0.13333333333333333,0.04147537343001246,0.045177120561432665,0.22110831935702666
300,6,0.05,balanced,True,0.5,0.9388888888888889,0.057499999999999996,0.13333333333333333,0.04147537343001246,0.045177120561432665,0.22110831935702666
300,10,0.05,balanced,True,0.5,0.9388888888888889,0.057499999999999996,0.13333333333333333,0.04147537343001246,0.045177120561432665,0.22110831935702666
600,3,0.01,balanced,True,0.5,0.9388888888888889,0.057499999999999996,0.13333333333333333,0.03992781342255641,0.04393018451032401,0.22110831935702666
600,3,0.05,balanced,True,0.5,0.9388888888888889,0.057499999999999996,0.13333333333333333,0.04147537343001246,0.045177120561432665,0.22110831935702666
600,6,0.01,balanced,True,0.5,0.9388888888888889,0.057499999999999996,0.13333333333333333,0.03992781342255641,0.04393018451032401,0.22110831935702666
600,6,0.05,balanced,True,0.5,0.9388888888888889,0.057499999999999996,0.13333333333333333,0.04147537343001246,0.045177120561432665,0.22110831935702666
600,10,0.01,balanced,True,0.5,0.9388888888888889,0.057499999999999996,0.13333333333333333,0.03992781342255641,0.04393018451032401,0.22110831935702666
600,10,0.05,balanced,True,0.5,0.9388888888888889,0.057499999999999996,0.13333333333333333,0.04147537343001246,0.045177120561432665,0.22110831935702666
100,3,0.1,balanced,True,0.5,0.9380952380952381,0.057499999999999996,0.15,0.039809321282490324,0.04329325069286846,0.22298480267099416
100,6,0.1,balanced,True,0.5,0.9380952380952381,0.057499999999999996,0.15,0.039809321282490324,0.04329325069286846,0.22298480267099416
100,10,0.1,balanced,True,0.5,0.9380952380952381,0.057499999999999996,0.15,0.039809321282490324,0.04329325069286846,0.22298480267099416
300,3,0.1,balanced,True,0.5,0.9380952380952381,0.057499999999999996,0.15,0.039809321282490324,0.04329325069286846,0.22298480267099416
300,6,0.1,balanced,True,0.5,0.9380952380952381,0.057499999999999996,0.15,0.039809321282490324,0.04329325069286846,0.22298480267099416
300,10,0.1,balanced,True,0.5,0.9380952380952381,0.057499999999999996,0.15,0.039809321282490324,0.04329325069286846,0.22298480267099416
600,3,0.1,balanced,True,0.5,0.9380952380952381,0.057499999999999996,0.15,0.039809321282490324,0.04329325069286846,0.22298480267099416
600,6,0.1,balanced,True,0.5,0.9380952380952381,0.057499999999999996,0.15,0.039809321282490324,0.04329325069286846,0.22298480267099416
600,10,0.1,balanced,True,0.5,0.9380952380952381,0.057499999999999996,0.15,0.039809321282490324,0.04329325069286846,0.22298480267099416
300,3,0.05,none,True,0.3,0.9365079365079365,0.060833333333333336,0.11666666666666665,0.04545340020087732,0.0495185150558186,0.19075871903765995
300,6,0.05,none,True,0.3,0.9365079365079365,0.060833333333333336,0.11666666666666665,0.04545340020087732,0.0495185150558186,0.19075871903765995
300,10,0.05,none,True,0.3,0.9365079365079365,0.060833333333333336,0.11666666666666665,0.04545340020087732,0.0495185150558186,0.19075871903765995
600,3,0.05,none,True,0.3,0.9365079365079365,0.060833333333333336,0.11666666666666665,0.04545340020087732,0.0495185150558186,0.19075871903765995
600,6,0.05,none,True,0.3,0.9365079365079365,0.060833333333333336,0.11666666666666665,0.04545340020087732,0.0495185150558186,0.19075871903765995
600,10,0.05,none,True,0.3,0.9365079365079365,0.060833333333333336,0.11666666666666665,0.04545340020087732,0.0495185150558186,0.19075871903765995
100,3,0.05,balanced,True,0.5,0.9357142857142857,0.06083333333333333,0.13333333333333333,0.04243620439776142,0.04572714972772983,0.22110831935702666
100,6,0.05,balanced,True,0.5,0.9357142857142857,0.06083333333333333,0.13333333333333333,0.04243620439776142,0.04572714972772983,0.22110831935702666
100,10,0.05,balanced,True,0.5,0.9357142857142857,0.06083333333333333,0.13333333333333333,0.04243620439776142,0.04572714972772983,0.22110831935702666
100,3,0.1,none,True,0.3,0.9357142857142857,0.06166666666666668,0.11666666666666665,0.04331763190157202,0.047463436219660475,0.19075871903765995
100,6,0.1,none,True,0.3,0.9357142857142857,0.06166666666666668,0.11666666666666665,0.04331763190157202,0.047463436219660475,0.19075871903765995
100,10,0.1,none,True,0.3,0.9357142857142857,0.06166666666666668,0.11666666666666665,0.04331763190157202,0.047463436219660475,0.19075871903765995
300,3,0.1,none,True,0.3,0.9357142857142857,0.06166666666666668,0.11666666666666665,0.04331763190157202,0.047463436219660475,0.19075871903765995
300,6,0.1,none,True,0.3,0.9357142857142857,0.06166666666666668,0.11666666666666665,0.04331763190157202,0.047463436219660475,0.19075871903765995
300,10,0.1,none,True,0.3,0.9357142857142857,0.06166666666666668,0.11666666666666665,0.04331763190157202,0.047463436219660475,0.19075871903765995
600,3,0.1,none,True,0.3,0.9357142857142857,0.06166666666666668,0.11666666666666665,0.04331763190157202,0.047463436219660475,0.19075871903765995
600,6,0.1,none,True,0.3,0.9357142857142857,0.06166666666666668,0.11666666666666665,0.04331763190157202,0.047463436219660475,0.19075871903765995
600,10,0.1,none,True,0.3,0.9357142857142857,0.06166666666666668,0.11666666666666665,0.04331763190157202,0.047463436219660475,0.19075871903765995
100,3,0.05,none,True,0.3,0.9349206349206349,0.0625,0.11666666666666665,0.04344105455048891,0.04768967975941499,0.19075871903765995
100,6,0.05,none,True,0.3,0.9349206349206349,0.0625,0.11666666666666665,0.04344105455048891,0.04768967975941499,0.19075871903765995
100,10,0.05,none,True,0.3,0.9349206349206349,0.0625,0.11666666666666665,0.04344105455048891,0.04768967975941499,0.19075871903765995
600,3,0.01,none,True,0.3,0.9341269841269841,0.06333333333333334,0.11666666666666665,0.04469177214381297,0.048762462794425976,0.19075871903765995
600,6,0.01,none,True,0.3,0.9341269841269841,0.06333333333333334,0.11666666666666665,0.04469177214381297,0.048762462794425976,0.19075871903765995
600,10,0.01,none,True,0.3,0.9341269841269841,0.06333333333333334,0.11666666666666665,0.04469177214381297,0.048762462794425976,0.19075871903765995
300,3,0.01,balanced,True,0.5,0.9317460317460318,0.06333333333333332,0.16666666666666666,0.0395553517281813,0.04365266951236265,0.24720661623652207
300,6,0.01,balanced,True,0.5,0.9317460317460318,0.06333333333333332,0.16666666666666666,0.0395553517281813,0.04365266951236265,0.24720661623652207
300,10,0.01,balanced,True,0.5,0.9317460317460318,0.06333333333333332,0.16666666666666666,0.0395553517281813,0.04365266951236265,0.24720661623652207
300,3,0.01,none,True,0.3,0.9301587301587302,0.06749999999999999,0.11666666666666665,0.04300386407664784,0.04757304325397361,0.19075871903765995
300,6,0.01,none,True,0.3,0.9301587301587302,0.06749999999999999,0.11666666666666665,0.04300386407664784,0.04757304325397361,0.19075871903765995
300,10,0.01,none,True,0.3,0.9301587301587302,0.06749999999999999,0.11666666666666665,0.04300386407664784,0.04757304325397361,0.19075871903765995
100,3,0.1,balanced,True,0.3,0.9253968253968254,0.07333333333333333,0.1,0.04320843678989269,0.045765100725819935,0.15275252316519466
100,6,0.1,balanced,True,0.3,0.9253968253968254,0.07333333333333333,0.1,0.04320843678989269,0.045765100725819935,0.15275252316519466
100,10,0.1,balanced,True,0.3,0.9253968253968254,0.07333333333333333,0.1,0.04320843678989269,0.045765100725819935,0.15275252316519466
300,3,0.1,balanced,True,0.3,0.9253968253968254,0.07333333333333333,0.1,0.04320843678989269,0.045765100725819935,0.15275252316519466
300,6,0.1,balanced,True,0.3,0.9253968253968254,0.07333333333333333,0.1,0.04320843678989269,0.045765100725819935,0.15275252316519466
300,10,0.1,balanced,True,0.3,0.9253968253968254,0.07333333333333333,0.1,0.04320843678989269,0.045765100725819935,0.15275252316519466
600,3,0.1,balanced,True,0.3,0.9253968253968254,0.07333333333333333,0.1,0.04320843678989269,0.045765100725819935,0.15275252316519466
600,6,0.1,balanced,True,0.3,0.9253968253968254,0.07333333333333333,0.1,0.04320843678989269,0.045765100725819935,0.15275252316519466
600,10,0.1,balanced,True,0.3,0.9253968253968254,0.07333333333333333,0.1,0.04320843678989269,0.045765100725819935,0.15275252316519466
600,3,0.01,balanced,True,0.3,0.9238095238095239,0.075,0.1,0.04534240272090699,0.04787135538781691,0.15275252316519466
600,6,0.01,balanced,True,0.3,0.9238095238095239,0.075,0.1,0.04534240272090699,0.04787135538781691,0.15275252316519466
600,10,0.01,balanced,True,0.3,0.9238095238095239,0.075,0.1,0.04534240272090699,0.04787135538781691,0.15275252316519466
300,3,0.05,balanced,True,0.3,0.9238095238095239,0.07500000000000001,0.1,0.043353969154754486,0.045491146879853936,0.15275252316519466
300,6,0.05,balanced,True,0.3,0.9238095238095239,0.07500000000000001,0.1,0.043353969154754486,0.045491146879853936,0.15275252316519466
300,10,0.05,balanced,True,0.3,0.9238095238095239,0.07500000000000001,0.1,0.043353969154754486,0.045491146879853936,0.15275252316519466
600,3,0.05,balanced,True,0.3,0.9238095238095239,0.07500000000000001,0.1,0.043353969154754486,0.045491146879853936,0.15275252316519466
600,6,0.05,balanced,True,0.3,0.9238095238095239,0.07500000000000001,0.1,0.043353969154754486,0.045491146879853936,0.15275252316519466
600,10,0.05,balanced,True,0.3,0.9238095238095239,0.07500000000000001,0.1,0.043353969154754486,0.045491146879853936,0.15275252316519466
100,3,0.1,none,True,0.2,0.9222222222222223,0.07583333333333334,0.11666666666666665,0.04226516493871221,0.046688982759438134,0.19075871903765995
100,6,0.1,none,True,0.2,0.9222222222222223,0.07583333333333334,0.11666666666666665,0.04226516493871221,0.046688982759438134,0.19075871903765995
100,10,0.1,none,True,0.2,0.9222222222222223,0.07583333333333334,0.11666666666666665,0.04226516493871221,0.046688982759438134,0.19075871903765995
300,3,0.1,none,True,0.2,0.9222222222222223,0.07583333333333334,0.11666666666666665,0.04226516493871221,0.046688982759438134,0.19075871903765995
300,6,0.1,none,True,0.2,0.9222222222222223,0.07583333333333334,0.11666666666666665,0.04226516493871221,0.046688982759438134,0.19075871903765995
300,10,0.1,none,True,0.2,0.9222222222222223,0.07583333333333334,0.11666666666666665,0.04226516493871221,0.046688982759438134,0.19075871903765995
600,3,0.1,none,True,0.2,0.9222222222222223,0.07583333333333334,0.11666666666666665,0.04226516493871221,0.046688982759438134,0.19075871903765995
600,6,0.1,none,True,0.2,0.9222222222222223,0.07583333333333334,0.11666666666666665,0.04226516493871221,0.046688982759438134,0.19075871903765995
600,10,0.1,none,True,0.2,0.9222222222222223,0.07583333333333334,0.11666666666666665,0.04226516493871221,0.046688982759438134,0.19075871903765995
100,3,0.01,none,True,0.3,0.919047619047619,0.0775,0.15,0.04226516493871222,0.043229041164476456,0.2682246156571847
100,6,0.01,none,True,0.3,0.919047619047619,0.0775,0.15,0.04226516493871222,0.043229041164476456,0.2682246156571847
100,10,0.01,none,True,0.3,0.919047619047619,0.0775,0.15,0.04226516493871222,0.043229041164476456,0.2682246156571847
100,3,0.05,balanced,True,0.3,0.9182539682539683,0.08166666666666667,0.08333333333333333,0.04055392473346417,0.0434293807359846,0.14433756729740643
100,6,0.05,balanced,True,0.3,0.9182539682539683,0.08166666666666667,0.08333333333333333,0.04055392473346417,0.0434293807359846,0.14433756729740643
100,10,0.05,balanced,True,0.3,0.9182539682539683,0.08166666666666667,0.08333333333333333,0.04055392473346417,0.0434293807359846,0.14433756729740643
600,3,0.01,none,True,0.2,0.9182539682539682,0.08,0.11666666666666665,0.04296723074171163,0.04642796092394706,0.19075871903765995
600,6,0.01,none,True,0.2,0.9182539682539682,0.08,0.11666666666666665,0.04296723074171163,0.04642796092394706,0.19075871903765995
600,10,0.01,none,True,0.2,0.9182539682539682,0.08,0.11666666666666665,0.04296723074171163,0.04642796092394706,0.19075871903765995
300,3,0.05,none,True,0.2,0.9182539682539682,0.08083333333333334,0.1,0.043259428809243314,0.04662944944512594,0.1855921454276674
300,6,0.05,none,True,0.2,0.9182539682539682,0.08083333333333334,0.1,0.043259428809243314,0.04662944944512594,0.1855921454276674
300,10,0.05,none,True,0.2,0.9182539682539682,0.08083333333333334,0.1,0.043259428809243314,0.04662944944512594,0.1855921454276674
600,3,0.05,none,True,0.2,0.9182539682539682,0.08083333333333334,0.1,0.043259428809243314,0.04662944944512594,0.1855921454276674
600,6,0.05,none,True,0.2,0.9182539682539682,0.08083333333333334,0.1,0.043259428809243314,0.04662944944512594,0.1855921454276674
600,10,0.05,none,True,0.2,0.9182539682539682,0.08083333333333334,0.1,0.043259428809243314,0.04662944944512594,0.1855921454276674
100,3,0.05,none,True,0.2,0.9174603174603174,0.08083333333333334,0.11666666666666665,0.04335396915475448,0.04809568010169359,0.19075871903765995
100,6,0.05,none,True,0.2,0.9174603174603174,0.08083333333333334,0.11666666666666665,0.04335396915475448,0.04809568010169359,0.19075871903765995
100,10,0.05,none,True,0.2,0.9174603174603174,0.08083333333333334,0.11666666666666665,0.04335396915475448,0.04809568010169359,0.19075871903765995
300,3,0.01,balanced,True,0.3,0.9071428571428573,0.0925,0.1,0.04354966640736173,0.046090189363416106,0.15275252316519466
300,6,0.01,balanced,True,0.3,0.9071428571428573,0.0925,0.1,0.04354966640736173,0.046090189363416106,0.15275252316519466
300,10,0.01,balanced,True,0.3,0.9071428571428573,0.0925,0.1,0.04354966640736173,0.046090189363416106,0.15275252316519466
300,3,0.05,balanced,True,0.2,0.9071428571428571,0.09416666666666665,0.06666666666666667,0.0417780069468313,0.04418238713937187,0.13333333333333333
300,6,0.05,balanced,True,0.2,0.9071428571428571,0.09416666666666665,0.06666666666666667,0.0417780069468313,0.04418238713937187,0.13333333333333333
300,10,0.05,balanced,True,0.2,0.9071428571428571,0.09416666666666665,0.06666666666666667,0.0417780069468313,0.04418238713937187,0.13333333333333333
600,3,0.05,balanced,True,0.2,0.9071428571428571,0.09416666666666665,0.06666666666666667,0.0417780069468313,0.04418238713937187,0.13333333333333333
600,6,0.05,balanced,True,0.2,0.9071428571428571,0.09416666666666665,0.06666666666666667,0.0417780069468313,0.04418238713937187,0.13333333333333333
600,10,0.05,balanced,True,0.2,0.9071428571428571,0.09416666666666665,0.06666666666666667,0.0417780069468313,0.04418238713937187,0.13333333333333333
100,3,0.1,balanced,True,0.2,0.9071428571428571,0.09416666666666666,0.06666666666666667,0.04412441467910363,0.04633063541305879,0.13333333333333333
100,6,0.1,balanced,True,0.2,0.9071428571428571,0.09416666666666666,0.06666666666666667,0.04412441467910363,0.04633063541305879,0.13333333333333333
100,10,0.1,balanced,True,0.2,0.9071428571428571,0.09416666666666666,0.06666666666666667,0.04412441467910363,0.04633063541305879,0.13333333333333333
300,3,0.1,balanced,True,0.2,0.9071428571428571,0.09416666666666666,0.06666666666666667,0.04412441467910363,0.04633063541305879,0.13333333333333333
300,6,0.1,balanced,True,0.2,0.9071428571428571,0.09416666666666666,0.06666666666666667,0.04412441467910363,0.04633063541305879,0.13333333333333333
300,10,0.1,balanced,True,0.2,0.9071428571428571,0.09416666666666666,0.06666666666666667,0.04412441467910363,0.04633063541305879,0.13333333333333333
600,3,0.1,balanced,True,0.2,0.9071428571428571,0.09416666666666666,0.06666666666666667,0.04412441467910363,0.04633063541305879,0.13333333333333333
600,6,0.1,balanced,True,0.2,0.9071428571428571,0.09416666666666666,0.06666666666666667,0.04412441467910363,0.04633063541305879,0.13333333333333333
600,10,0.1,balanced,True,0.2,0.9071428571428571,0.09416666666666666,0.06666666666666667,0.04412441467910363,0.04633063541305879,0.13333333333333333
100,3,0.01,balanced,True,0.5,0.9055555555555556,0.09,0.18333333333333332,0.054404168544805925,0.05734883511361751,0.3244653722321964
100,6,0.01,balanced,True,0.5,0.9055555555555556,0.09,0.18333333333333332,0.054404168544805925,0.05734883511361751,0.3244653722321964
100,10,0.01,balanced,True,0.5,0.9055555555555556,0.09,0.18333333333333332,0.054404168544805925,0.05734883511361751,0.3244653722321964
600,3,0.01,balanced,True,0.2,0.903968253968254,0.0975,0.06666666666666667,0.042436204397761426,0.04480668352923355,0.13333333333333333
600,6,0.01,balanced,True,0.2,0.903968253968254,0.0975,0.06666666666666667,0.042436204397761426,0.04480668352923355,0.13333333333333333
600,10,0.01,balanced,True,0.2,0.903968253968254,0.0975,0.06666666666666667,0.042436204397761426,0.04480668352923355,0.13333333333333333
300,3,0.01,none,True,0.2,0.9031746031746032,0.09666666666666666,0.1,0.045425676257949785,0.04818944098266986,0.1855921454276674
300,6,0.01,none,True,0.2,0.9031746031746032,0.09666666666666666,0.1,0.045425676257949785,0.04818944098266986,0.1855921454276674
300,10,0.01,none,True,0.2,0.9031746031746032,0.09666666666666666,0.1,0.045425676257949785,0.04818944098266986,0.1855921454276674
100,3,0.1,none,True,0.15,0.9015873015873016,0.09916666666666667,0.08333333333333333,0.04217565160503626,0.044245213174860944,0.14433756729740643
100,6,0.1,none,True,0.15,0.9015873015873016,0.09916666666666667,0.08333333333333333,0.04217565160503626,0.044245213174860944,0.14433756729740643
100,10,0.1,none,True,0.15,0.9015873015873016,0.09916666666666667,0.08333333333333333,0.04217565160503626,0.044245213174860944,0.14433756729740643
300,3,0.1,none,True,0.15,0.9015873015873016,0.09916666666666667,0.08333333333333333,0.04217565160503626,0.044245213174860944,0.14433756729740643
300,6,0.1,none,True,0.15,0.9015873015873016,0.09916666666666667,0.08333333333333333,0.04217565160503626,0.044245213174860944,0.14433756729740643
300,10,0.1,none,True,0.15,0.9015873015873016,0.09916666666666667,0.08333333333333333,0.04217565160503626,0.044245213174860944,0.14433756729740643
600,3,0.1,none,True,0.15,0.9015873015873016,0.09916666666666667,0.08333333333333333,0.04217565160503626,0.044245213174860944,0.14433756729740643
600,6,0.1,none,True,0.15,0.9015873015873016,0.09916666666666667,0.08333333333333333,0.04217565160503626,0.044245213174860944,0.14433756729740643
600,10,0.1,none,True,0.15,0.9015873015873016,0.09916666666666667,0.08333333333333333,0.04217565160503626,0.044245213174860944,0.14433756729740643
300,3,0.05,none,True,0.15,0.9007936507936508,0.1,0.08333333333333333,0.04541874262801428,0.048016200969626444,0.14433756729740643
300,6,0.05,none,True,0.15,0.9007936507936508,0.1,0.08333333333333333,0.04541874262801428,0.048016200969626444,0.14433756729740643
300,10,0.05,none,True,0.15,0.9007936507936508,0.1,0.08333333333333333,0.04541874262801428,0.048016200969626444,0.14433756729740643
600,3,0.05,none,True,0.15,0.9007936507936508,0.1,0.08333333333333333,0.04541874262801428,0.048016200969626444,0.14433756729740643
600,6,0.05,none,True,0.15,0.9007936507936508,0.1,0.08333333333333333,0.04541874262801428,0.048016200969626444,0.14433756729740643
600,10,0.05,none,True,0.15,0.9007936507936508,0.1,0.08333333333333333,0.04541874262801428,0.048016200969626444,0.14433756729740643
100,3,0.05,none,True,0.15,0.8976190476190476,0.10333333333333335,0.08333333333333333,0.04502875540477551,0.04818944098266987,0.14433756729740643
100,6,0.05,none,True,0.15,0.8976190476190476,0.10333333333333335,0.08333333333333333,0.04502875540477551,0.04818944098266987,0.14433756729740643
100,10,0.05,none,True,0.15,0.8976190476190476,0.10333333333333335,0.08333333333333333,0.04502875540477551,0.04818944098266987,0.14433756729740643
600,3,0.01,none,True,0.15,0.8968253968253969,0.10416666666666666,0.08333333333333333,0.04273940323122622,0.04529992641642295,0.14433756729740643
600,6,0.01,none,True,0.15,0.8968253968253969,0.10416666666666666,0.08333333333333333,0.04273940323122622,0.04529992641642295,0.14433756729740643
600,10,0.01,none,True,0.15,0.8968253968253969,0.10416666666666666,0.08333333333333333,0.04273940323122622,0.04529992641642295,0.14433756729740643
100,3,0.05,balanced,True,0.2,0.8952380952380953,0.10666666666666666,0.06666666666666667,0.045286801960911456,0.04725815626252608,0.13333333333333333
100,6,0.05,balanced,True,0.2,0.8952380952380953,0.10666666666666666,0.06666666666666667,0.045286801960911456,0.04725815626252608,0.13333333333333333
100,10,0.05,balanced,True,0.2,0.8952380952380953,0.10666666666666666,0.06666666666666667,0.045286801960911456,0.04725815626252608,0.13333333333333333
100,3,0.1,balanced,True,0.15,0.8920634920634921,0.10999999999999999,0.06666666666666667,0.04276886852478565,0.04453463071962463,0.13333333333333333
100,6,0.1,balanced,True,0.15,0.8920634920634921,0.10999999999999999,0.06666666666666667,0.04276886852478565,0.04453463071962463,0.13333333333333333
100,10,0.1,balanced,True,0.15,0.8920634920634921,0.10999999999999999,0.06666666666666667,0.04276886852478565,0.04453463071962463,0.13333333333333333
300,3,0.1,balanced,True,0.15,0.8920634920634921,0.10999999999999999,0.06666666666666667,0.04276886852478565,0.04453463071962463,0.13333333333333333
300,6,0.1,balanced,True,0.15,0.8920634920634921,0.10999999999999999,0.06666666666666667,0.04276886852478565,0.04453463071962463,0.13333333333333333
300,10,0.1,balanced,True,0.15,0.8920634920634921,0.10999999999999999,0.06666666666666667,0.04276886852478565,0.04453463071962463,0.13333333333333333
600,3,0.1,balanced,True,0.15,0.8920634920634921,0.10999999999999999,0.06666666666666667,0.04276886852478565,0.04453463071962463,0.13333333333333333
600,6,0.1,balanced,True,0.15,0.8920634920634921,0.10999999999999999,0.06666666666666667,0.04276886852478565,0.04453463071962463,0.13333333333333333
600,10,0.1,balanced,True,0.15,0.8920634920634921,0.10999999999999999,0.06666666666666667,0.04276886852478565,0.04453463071962463,0.13333333333333333
300,3,0.05,balanced,True,0.15,0.8896825396825397,0.1125,0.06666666666666667,0.04558485866912501,0.04768967975941499,0.13333333333333333
300,6,0.05,balanced,True,0.15,0.8896825396825397,0.1125,0.06666666666666667,0.04558485866912501,0.04768967975941499,0.13333333333333333
300,10,0.05,balanced,True,0.15,0.8896825396825397,0.1125,0.06666666666666667,0.04558485866912501,0.04768967975941499,0.13333333333333333
600,3,0.05,balanced,True,0.15,0.8896825396825397,0.1125,0.06666666666666667,0.04558485866912501,0.04768967975941499,0.13333333333333333
600,6,0.05,balanced,True,0.15,0.8896825396825397,0.1125,0.06666666666666667,0.04558485866912501,0.04768967975941499,0.13333333333333333
600,10,0.05,balanced,True,0.15,0.8896825396825397,0.1125,0.06666666666666667,0.04558485866912501,0.04768967975941499,0.13333333333333333
600,3,0.01,balanced,True,0.15,0.8865079365079366,0.11583333333333332,0.06666666666666667,0.05271060291212802,0.055145010855219,0.13333333333333333
600,6,0.01,balanced,True,0.15,0.8865079365079366,0.11583333333333332,0.06666666666666667,0.05271060291212802,0.055145010855219,0.13333333333333333
600,10,0.01,balanced,True,0.15,0.8865079365079366,0.11583333333333332,0.06666666666666667,0.05271060291212802,0.055145010855219,0.13333333333333333
100,3,0.05,balanced,True,0.15,0.88015873015873,0.12250000000000001,0.06666666666666667,0.05486532677049005,0.05780114377953279,0.13333333333333333
100,6,0.05,balanced,True,0.15,0.88015873015873,0.12250000000000001,0.06666666666666667,0.05486532677049005,0.05780114377953279,0.13333333333333333
100,10,0.05,balanced,True,0.15,0.88015873015873,0.12250000000000001,0.06666666666666667,0.05486532677049005,0.05780114377953279,0.13333333333333333
300,3,0.01,balanced,True,0.2,0.8777777777777777,0.12500000000000003,0.06666666666666667,0.06210792871909159,0.06487166818676188,0.13333333333333333
300,6,0.01,balanced,True,0.2,0.8777777777777777,0.12500000000000003,0.06666666666666667,0.06210792871909159,0.06487166818676188,0.13333333333333333
300,10,0.01,balanced,True,0.2,0.8777777777777777,0.12500000000000003,0.06666666666666667,0.06210792871909159,0.06487166818676188,0.13333333333333333
300,3,0.01,none,True,0.15,0.8746031746031747,0.1275,0.08333333333333333,0.04863985220966528,0.05198156724583564,0.14433756729740643
300,6,0.01,none,True,0.15,0.8746031746031747,0.1275,0.08333333333333333,0.04863985220966528,0.05198156724583564,0.14433756729740643
300,10,0.01,none,True,0.15,0.8746031746031747,0.1275,0.08333333333333333,0.04863985220966528,0.05198156724583564,0.14433756729740643
100,3,0.01,balanced,True,0.3,0.8730158730158731,0.1275,0.11666666666666665,0.058321184351980436,0.06175106836682621,0.19075871903765995
100,6,0.01,balanced,True,0.3,0.8730158730158731,0.1275,0.11666666666666665,0.058321184351980436,0.06175106836682621,0.19075871903765995
100,10,0.01,balanced,True,0.3,0.8730158730158731,0.1275,0.11666666666666665,0.058321184351980436,0.06175106836682621,0.19075871903765995
100,3,0.1,none,True,0.1,0.8682539682539684,0.13499999999999998,0.06666666666666667,0.04630460998671373,0.04941322360124531,0.13333333333333333
100,6,0.1,none,True,0.1,0.8682539682539684,0.13499999999999998,0.06666666666666667,0.04630460998671373,0.04941322360124531,0.13333333333333333
100,10,0.1,none,True,0.1,0.8682539682539684,0.13499999999999998,0.06666666666666667,0.04630460998671373,0.04941322360124531,0.13333333333333333
300,3,0.1,none,True,0.1,0.8682539682539684,0.13499999999999998,0.06666666666666667,0.04630460998671373,0.04941322360124531,0.13333333333333333
300,6,0.1,none,True,0.1,0.8682539682539684,0.13499999999999998,0.06666666666666667,0.04630460998671373,0.04941322360124531,0.13333333333333333
300,10,0.1,none,True,0.1,0.8682539682539684,0.13499999999999998,0.06666666666666667,0.04630460998671373,0.04941322360124531,0.13333333333333333
600,3,0.1,none,True,0.1,0.8682539682539684,0.13499999999999998,0.06666666666666667,0.04630460998671373,0.04941322360124531,0.13333333333333333
600,6,0.1,none,True,0.1,0.8682539682539684,0.13499999999999998,0.06666666666666667,0.04630460998671373,0.04941322360124531,0.13333333333333333
600,10,0.1,none,True,0.1,0.8682539682539684,0.13499999999999998,0.06666666666666667,0.04630460998671373,0.04941322360124531,0.13333333333333333
300,3,0.05,balanced,True,0.1,0.865079365079365,0.13916666666666666,0.05,0.048275893097604924,0.05198156724583564,0.11902380714238082
300,6,0.05,balanced,True,0.1,0.865079365079365,0.13916666666666666,0.05,0.048275893097604924,0.05198156724583564,0.11902380714238082
300,10,0.05,balanced,True,0.1,0.865079365079365,0.13916666666666666,0.05,0.048275893097604924,0.05198156724583564,0.11902380714238082
600,3,0.05,balanced,True,0.1,0.865079365079365,0.13916666666666666,0.05,0.048275893097604924,0.05198156724583564,0.11902380714238082
600,6,0.05,balanced,True,0.1,0.865079365079365,0.13916666666666666,0.05,0.048275893097604924,0.05198156724583564,0.11902380714238082
600,10,0.05,balanced,True,0.1,0.865079365079365,0.13916666666666666,0.05,0.048275893097604924,0.05198156724583564,0.11902380714238082
300,3,0.1,balanced,True,0.1,0.8642857142857142,0.14,0.05,0.05532264100902681,0.058783973628494655,0.11902380714238082
300,6,0.1,balanced,True,0.1,0.8642857142857142,0.14,0.05,0.05532264100902681,0.058783973628494655,0.11902380714238082
300,10,0.1,balanced,True,0.1,0.8642857142857142,0.14,0.05,0.05532264100902681,0.058783973628494655,0.11902380714238082
600,3,0.1,balanced,True,0.1,0.8642857142857142,0.14,0.05,0.05532264100902681,0.058783973628494655,0.11902380714238082
600,6,0.1,balanced,True,0.1,0.8642857142857142,0.14,0.05,0.05532264100902681,0.058783973628494655,0.11902380714238082
600,10,0.1,balanced,True,0.1,0.8642857142857142,0.14,0.05,0.05532264100902681,0.058783973628494655,0.11902380714238082
100,3,0.1,balanced,True,0.1,0.8634920634920634,0.14083333333333334,0.05,0.055305559968839194,0.05880169120772708,0.11902380714238082
100,6,0.1,balanced,True,0.1,0.8634920634920634,0.14083333333333334,0.05,0.055305559968839194,0.05880169120772708,0.11902380714238082
100,10,0.1,balanced,True,0.1,0.8634920634920634,0.14083333333333334,0.05,0.055305559968839194,0.05880169120772708,0.11902380714238082
100,3,0.01,none,True,0.2,0.8619047619047621,0.13999999999999999,0.1,0.04711372088779628,0.050110987927909696,0.1855921454276674
100,6,0.01,none,True,0.2,0.8619047619047621,0.13999999999999999,0.1,0.04711372088779628,0.050110987927909696,0.1855921454276674
100,10,0.01,none,True,0.2,0.8619047619047621,0.13999999999999999,0.1,0.04711372088779628,0.050110987927909696,0.1855921454276674
100,3,0.05,none,True,0.1,0.8619047619047618,0.14166666666666666,0.06666666666666667,0.050470200303443326,0.053098441073579965,0.13333333333333333
100,6,0.05,none,True,0.1,0.8619047619047618,0.14166666666666666,0.06666666666666667,0.050470200303443326,0.053098441073579965,0.13333333333333333
100,10,0.05,none,True,0.1,0.8619047619047618,0.14166666666666666,0.06666666666666667,0.050470200303443326,0.053098441073579965,0.13333333333333333
300,3,0.05,none,True,0.1,0.861111111111111,0.1425,0.06666666666666667,0.04965869908241479,0.05230121094837734,0.13333333333333333
300,6,0.05,none,True,0.1,0.861111111111111,0.1425,0.06666666666666667,0.04965869908241479,0.05230121094837734,0.13333333333333333
300,10,0.05,none,True,0.1,0.861111111111111,0.1425,0.06666666666666667,0.04965869908241479,0.05230121094837734,0.13333333333333333
600,3,0.05,none,True,0.1,0.861111111111111,0.1425,0.06666666666666667,0.04965869908241479,0.05230121094837734,0.13333333333333333
600,6,0.05,none,True,0.1,0.861111111111111,0.1425,0.06666666666666667,0.04965869908241479,0.05230121094837734,0.13333333333333333
600,10,0.05,none,True,0.1,0.861111111111111,0.1425,0.06666666666666667,0.04965869908241479,0.05230121094837734,0.13333333333333333
600,3,0.01,balanced,True,0.1,0.861111111111111,0.14333333333333334,0.05,0.0523749395298299,0.05612486080160911,0.11902380714238082
600,6,0.01,balanced,True,0.1,0.861111111111111,0.14333333333333334,0.05,0.0523749395298299,0.05612486080160911,0.11902380714238082
600,10,0.01,balanced,True,0.1,0.861111111111111,0.14333333333333334,0.05,0.0523749395298299,0.05612486080160911,0.11902380714238082
600,3,0.01,none,True,0.1,0.8595238095238095,0.14416666666666667,0.06666666666666667,0.047955162984193,0.050901593513584836,0.13333333333333333
600,6,0.01,none,True,0.1,0.8595238095238095,0.14416666666666667,0.06666666666666667,0.047955162984193,0.050901593513584836,0.13333333333333333
600,10,0.01,none,True,0.1,0.8595238095238095,0.14416666666666667,0.06666666666666667,0.047955162984193,0.050901593513584836,0.13333333333333333
100,3,0.05,balanced,True,0.1,0.8523809523809524,0.1525,0.05,0.055691443786821684,0.05899034760968197,0.11902380714238082
100,6,0.05,balanced,True,0.1,0.8523809523809524,0.1525,0.05,0.055691443786821684,0.05899034760968197,0.11902380714238082
100,10,0.05,balanced,True,0.1,0.8523809523809524,0.1525,0.05,0.055691443786821684,0.05899034760968197,0.11902380714238082
300,3,0.01,balanced,True,0.15,0.85,0.15416666666666667,0.06666666666666667,0.057115293175625616,0.059599356819795744,0.13333333333333333
300,6,0.01,balanced,True,0.15,0.85,0.15416666666666667,0.06666666666666667,0.057115293175625616,0.059599356819795744,0.13333333333333333
300,10,0.01,balanced,True,0.15,0.85,0.15416666666666667,0.06666666666666667,0.057115293175625616,0.059599356819795744,0.13333333333333333
100,3,0.01,balanced,False,0.2,0.8492063492063492,0.15166666666666667,0.13333333333333333,0.03154699510214569,0.03647678104706548,0.22110831935702666
100,6,0.01,balanced,False,0.2,0.8492063492063492,0.15166666666666667,0.13333333333333333,0.03154699510214569,0.03647678104706548,0.22110831935702666
100,10,0.01,balanced,False,0.2,0.8492063492063492,0.15166666666666667,0.13333333333333333,0.03154699510214569,0.03647678104706548,0.22110831935702666
300,3,0.01,none,True,0.1,0.8373015873015872,0.16666666666666669,0.08333333333333333,0.04889172327384583,0.05244044240850758,0.14433756729740643
300,6,0.01,none,True,0.1,0.8373015873015872,0.16666666666666669,0.08333333333333333,0.04889172327384583,0.05244044240850758,0.14433756729740643
300,10,0.01,none,True,0.1,0.8373015873015872,0.16666666666666669,0.08333333333333333,0.04889172327384583,0.05244044240850758,0.14433756729740643
100,3,0.01,none,True,0.15,0.8277777777777778,0.17583333333333334,0.1,0.051988670587816886,0.054892571851248184,0.1855921454276674
100,6,0.01,none,True,0.15,0.8277777777777778,0.17583333333333334,0.1,0.051988670587816886,0.054892571851248184,0.1855921454276674
100,10,0.01,none,True,0.15,0.8277777777777778,0.17583333333333334,0.1,0.051988670587816886,0.054892571851248184,0.1855921454276674
300,3,0.01,balanced,True,0.1,0.8023809523809524,0.205,0.05,0.0577731988417568,0.060115629322904776,0.11902380714238082
300,6,0.01,balanced,True,0.1,0.8023809523809524,0.205,0.05,0.0577731988417568,0.060115629322904776,0.11902380714238082
300,10,0.01,balanced,True,0.1,0.8023809523809524,0.205,0.05,0.0577731988417568,0.060115629322904776,0.11902380714238082
100,3,0.01,none,True,0.1,0.7126984126984126,0.2983333333333333,0.06666666666666667,0.133361674992349,0.1406236111042523,0.13333333333333333
100,6,0.01,none,True,0.1,0.7126984126984126,0.2983333333333333,0.06666666666666667,0.133361674992349,0.1406236111042523,0.13333333333333333
100,10,0.01,none,True,0.1,0.7126984126984126,0.2983333333333333,0.06666666666666667,0.133361674992349,0.1406236111042523,0.13333333333333333
100,3,0.01,balanced,True,0.2,0.07380952380952381,0.9724999999999999,0.0,0.11416163899749382,0.11986972094736854,0.0
100,6,0.01,balanced,True,0.2,0.07380952380952381,0.9724999999999999,0.0,0.11416163899749382,0.11986972094736854,0.0
100,10,0.01,balanced,True,0.2,0.07380952380952381,0.9724999999999999,0.0,0.11416163899749382,0.11986972094736854,0.0
100,3,0.01,balanced,False,0.1,0.04761904761904763,1.0,0.0,1.3877787807814457e-17,0.0,0.0
100,3,0.01,balanced,False,0.15,0.04761904761904763,1.0,0.0,1.3877787807814457e-17,0.0,0.0
100,3,0.01,balanced,True,0.1,0.04761904761904763,1.0,0.0,1.3877787807814457e-17,0.0,0.0
100,3,0.01,balanced,True,0.15,0.04761904761904763,1.0,0.0,1.3877787807814457e-17,0.0,0.0
100,6,0.01,balanced,False,0.1,0.04761904761904763,1.0,0.0,1.3877787807814457e-17,0.0,0.0
100,6,0.01,balanced,False,0.15,0.04761904761904763,1.0,0.0,1.3877787807814457e-17,0.0,0.0
100,6,0.01,balanced,True,0.1,0.04761904761904763,1.0,0.0,1.3877787807814457e-17,0.0,0.0
100,6,0.01,balanced,True,0.15,0.04761904761904763,1.0,0.0,1.3877787807814457e-17,0.0,0.0
100,10,0.01,balanced,False,0.1,0.04761904761904763,1.0,0.0,1.3877787807814457e-17,0.0,0.0
100,10,0.01,balanced,False,0.15,0.04761904761904763,1.0,0.0,1.3877787807814457e-17,0.0,0.0
100,10,0.01,balanced,True,0.1,0.04761904761904763,1.0,0.0,1.3877787807814457e-17,0.0,0.0
100,10,0.01,balanced,True,0.15,0.04761904761904763,1.0,0.0,1.3877787807814457e-17,0.0,0.0
