user_id,text_length,threshold,accuracy,far,frr,eer
05TW8Ljp5AOArnLclD8e8LIHgwg2,10,0.085,0.99375,0.0,0.2,0.1
2cLb1nw1ViSuzHnuJ8Xa0roN64q2,10,0.09,0.96875,0.03225806451612903,0.0,0.016129032258064516
30m2mK6UrdfP8ENgCSldqeHYwjq2,10,0.13,0.96875,0.025806451612903226,0.2,0.11290322580645162
8g1C9fonDzXAwNoVbGG4vJ7XO1F3,10,0.07,0.96875,0.03225806451612903,0.0,0.016129032258064516
8gGAdMn0cGO8J5wVY9lyHNfcrzF3,10,0.255,1.0,0.0,0.0,0.0
9gLVJ3xY2FYHdz1RafqBZ9aUCFh1,10,0.1,0.99375,0.0064516129032258064,0.0,0.0032258064516129032
A2SsgxEqJLY9Avf3vCgly0OIQux1,10,0.065,0.9625,0.03870967741935484,0.0,0.01935483870967742
BnAXORhlmEgFSnmr5BPzEaj813f2,10,0.11,0.96875,0.01935483870967742,0.4,0.20967741935483872
BqbYZxLSPiNGAJGElBH6dq0Gf422,10,0.045,0.875,0.12903225806451613,0.0,0.06451612903225806
DJldbpv8XEYPwLseK8tAlA0EFfV2,10,0.135,1.0,0.0,0.0,0.0
LAEk3gnIrrPeEc5m2xw2XMg7Ao63,10,0.275,1.0,0.0,0.0,0.0
LaWWukYn6xeN1jsWRIBI8QB2PvV2,10,0.34500000000000003,0.99375,0.0,0.2,0.1
Omo5XrILUTX0J0Jih47KSik6Yi43,10,0.145,1.0,0.0,0.0,0.0
PoPWokLWSNV1fAVoEx4sJEERdqL2,10,0.12,0.99375,0.0064516129032258064,0.0,0.0032258064516129032
PzRGdxGusYScYl0zOpFXECA49Tq1,10,0.035,0.95625,0.04516129032258064,0.0,0.02258064516129032
QcUKYLclszMKbeOKMPTEIZyiKKU2,10,0.055,0.9125,0.09032258064516129,0.0,0.04516129032258064
RKcUBPWd7Lgr4wrIof2rJxDyitr1,10,0.225,0.99375,0.0,0.2,0.1
So7yhmPlhAcD7aHz0kZYyZYj0Yg1,10,0.13,0.975,0.01935483870967742,0.2,0.10967741935483871
WLA5tSeimOdSy4qCfthdd7C5WeB2,10,0.08,0.9625,0.03870967741935484,0.0,0.01935483870967742
WiOvfjiIXHdwNpm5Z4XQkAvGRI23,10,0.165,1.0,0.0,0.0,0.0
ZPw87WT2yagXd9QO1D3a7uqutlJ3,10,0.095,0.96875,0.03225806451612903,0.0,0.016129032258064516
ej3PfaQvUVVIs8EqkGNlOzZx9Is2,10,0.105,0.99375,0.0064516129032258064,0.0,0.0032258064516129032
i6SCvQJiqYUDYS1leBqlxRY29jr2,10,0.17,1.0,0.0,0.0,0.0
my57RUXuMdcCABGumWAajjhxjgi2,10,0.185,0.99375,0.0,0.2,0.1
pBcgsSbey6YdBbQGH0nEAMUjA9H2,10,0.16,0.99375,0.0064516129032258064,0.0,0.0032258064516129032
qHMPVSZeEOVJeANy4PmaCi0s1LX2,10,0.12,1.0,0.0,0.0,0.0
ruaVJyjTBAXieStKhxpnd1GTACE2,10,0.27,0.99375,0.0064516129032258064,0.0,0.0032258064516129032
t10BGl5P7lfLJnosyzeNchO2Cgw1,10,0.055,0.94375,0.05806451612903226,0.0,0.02903225806451613
wL7w4dmBmxSYXUEO9tYBUp6XaA22,10,0.16,0.99375,0.0064516129032258064,0.0,0.0032258064516129032
zADTuV7nEORpOPqPqjLYGgZyVUD3,10,0.15,0.99375,0.0064516129032258064,0.0,0.0032258064516129032
zisvLwXR2sXkiDyF9hQBgzCT5K03,10,0.275,1.0,0.0,0.0,0.0
zwWo0D9MehY88RXRA0BYoGdJKCz2,10,0.11,0.9875,0.012903225806451613,0.0,0.0064516129032258064
05TW8Ljp5AOArnLclD8e8LIHgwg2,20,0.04,0.8875,0.11612903225806452,0.0,0.05806451612903226
2cLb1nw1ViSuzHnuJ8Xa0roN64q2,20,0.07,0.93125,0.07096774193548387,0.0,0.035483870967741936
30m2mK6UrdfP8ENgCSldqeHYwjq2,20,0.12,0.9875,0.012903225806451613,0.0,0.0064516129032258064
8g1C9fonDzXAwNoVbGG4vJ7XO1F3,20,0.22,0.9875,0.012903225806451613,0.0,0.0064516129032258064
8gGAdMn0cGO8J5wVY9lyHNfcrzF3,20,0.17500000000000002,1.0,0.0,0.0,0.0
9gLVJ3xY2FYHdz1RafqBZ9aUCFh1,20,0.125,1.0,0.0,0.0,0.0
A2SsgxEqJLY9Avf3vCgly0OIQux1,20,0.1,1.0,0.0,0.0,0.0
BnAXORhlmEgFSnmr5BPzEaj813f2,20,0.105,0.98125,0.01935483870967742,0.0,0.00967741935483871
BqbYZxLSPiNGAJGElBH6dq0Gf422,20,0.105,0.9625,0.03870967741935484,0.0,0.01935483870967742
DJldbpv8XEYPwLseK8tAlA0EFfV2,20,0.15,1.0,0.0,0.0,0.0
LAEk3gnIrrPeEc5m2xw2XMg7Ao63,20,0.28500000000000003,1.0,0.0,0.0,0.0
LaWWukYn6xeN1jsWRIBI8QB2PvV2,20,0.46,0.99375,0.0,0.2,0.1
Omo5XrILUTX0J0Jih47KSik6Yi43,20,0.15,0.9875,0.012903225806451613,0.0,0.0064516129032258064
PoPWokLWSNV1fAVoEx4sJEERdqL2,20,0.11,0.99375,0.0064516129032258064,0.0,0.0032258064516129032
PzRGdxGusYScYl0zOpFXECA49Tq1,20,0.035,0.96875,0.03225806451612903,0.0,0.016129032258064516
QcUKYLclszMKbeOKMPTEIZyiKKU2,20,0.07,0.925,0.07741935483870968,0.0,0.03870967741935484
RKcUBPWd7Lgr4wrIof2rJxDyitr1,20,0.11,0.99375,0.0064516129032258064,0.0,0.0032258064516129032
So7yhmPlhAcD7aHz0kZYyZYj0Yg1,20,0.04,0.925,0.07741935483870968,0.0,0.03870967741935484
WLA5tSeimOdSy4qCfthdd7C5WeB2,20,0.085,0.95625,0.04516129032258064,0.0,0.02258064516129032
WiOvfjiIXHdwNpm5Z4XQkAvGRI23,20,0.065,0.95625,0.04516129032258064,0.0,0.02258064516129032
ZPw87WT2yagXd9QO1D3a7uqutlJ3,20,0.085,0.9875,0.012903225806451613,0.0,0.0064516129032258064
ej3PfaQvUVVIs8EqkGNlOzZx9Is2,20,0.17,1.0,0.0,0.0,0.0
i6SCvQJiqYUDYS1leBqlxRY29jr2,20,0.095,0.99375,0.0064516129032258064,0.0,0.0032258064516129032
my57RUXuMdcCABGumWAajjhxjgi2,20,0.165,0.99375,0.0,0.2,0.1
pBcgsSbey6YdBbQGH0nEAMUjA9H2,20,0.105,0.99375,0.0064516129032258064,0.0,0.0032258064516129032
qHMPVSZeEOVJeANy4PmaCi0s1LX2,20,0.07,0.99375,0.0064516129032258064,0.0,0.0032258064516129032
ruaVJyjTBAXieStKhxpnd1GTACE2,20,0.23500000000000001,1.0,0.0,0.0,0.0
t10BGl5P7lfLJnosyzeNchO2Cgw1,20,0.125,0.9875,0.0064516129032258064,0.2,0.1032258064516129
wL7w4dmBmxSYXUEO9tYBUp6XaA22,20,0.125,1.0,0.0,0.0,0.0
zADTuV7nEORpOPqPqjLYGgZyVUD3,20,0.045,0.9625,0.03870967741935484,0.0,0.01935483870967742
zisvLwXR2sXkiDyF9hQBgzCT5K03,20,0.16,1.0,0.0,0.0,0.0
zwWo0D9MehY88RXRA0BYoGdJKCz2,20,0.195,1.0,0.0,0.0,0.0
05TW8Ljp5AOArnLclD8e8LIHgwg2,25,0.05,0.9125,0.09032258064516129,0.0,0.04516129032258064
2cLb1nw1ViSuzHnuJ8Xa0roN64q2,25,0.085,0.9625,0.03870967741935484,0.0,0.01935483870967742
30m2mK6UrdfP8ENgCSldqeHYwjq2,25,0.14,1.0,0.0,0.0,0.0
8g1C9fonDzXAwNoVbGG4vJ7XO1F3,25,0.185,0.99375,0.0064516129032258064,0.0,0.0032258064516129032
8gGAdMn0cGO8J5wVY9lyHNfcrzF3,25,0.17,1.0,0.0,0.0,0.0
9gLVJ3xY2FYHdz1RafqBZ9aUCFh1,25,0.15,1.0,0.0,0.0,0.0
A2SsgxEqJLY9Avf3vCgly0OIQux1,25,0.095,0.99375,0.0064516129032258064,0.0,0.0032258064516129032
BnAXORhlmEgFSnmr5BPzEaj813f2,25,0.17500000000000002,1.0,0.0,0.0,0.0
BqbYZxLSPiNGAJGElBH6dq0Gf422,25,0.065,0.9375,0.06451612903225806,0.0,0.03225806451612903
DJldbpv8XEYPwLseK8tAlA0EFfV2,25,0.135,1.0,0.0,0.0,0.0
LAEk3gnIrrPeEc5m2xw2XMg7Ao63,25,0.225,1.0,0.0,0.0,0.0
LaWWukYn6xeN1jsWRIBI8QB2PvV2,25,0.195,1.0,0.0,0.0,0.0
Omo5XrILUTX0J0Jih47KSik6Yi43,25,0.08,0.9875,0.012903225806451613,0.0,0.0064516129032258064
PoPWokLWSNV1fAVoEx4sJEERdqL2,25,0.145,1.0,0.0,0.0,0.0
PzRGdxGusYScYl0zOpFXECA49Tq1,25,0.035,0.9375,0.06451612903225806,0.0,0.03225806451612903
QcUKYLclszMKbeOKMPTEIZyiKKU2,25,0.105,0.9875,0.012903225806451613,0.0,0.0064516129032258064
RKcUBPWd7Lgr4wrIof2rJxDyitr1,25,0.135,0.99375,0.0064516129032258064,0.0,0.0032258064516129032
So7yhmPlhAcD7aHz0kZYyZYj0Yg1,25,0.07,0.9625,0.03870967741935484,0.0,0.01935483870967742
WLA5tSeimOdSy4qCfthdd7C5WeB2,25,0.1,0.9875,0.012903225806451613,0.0,0.0064516129032258064
WiOvfjiIXHdwNpm5Z4XQkAvGRI23,25,0.115,0.99375,0.0064516129032258064,0.0,0.0032258064516129032
ZPw87WT2yagXd9QO1D3a7uqutlJ3,25,0.19,0.99375,0.0,0.2,0.1
ej3PfaQvUVVIs8EqkGNlOzZx9Is2,25,0.265,1.0,0.0,0.0,0.0
i6SCvQJiqYUDYS1leBqlxRY29jr2,25,0.065,0.9625,0.03870967741935484,0.0,0.01935483870967742
my57RUXuMdcCABGumWAajjhxjgi2,25,0.135,1.0,0.0,0.0,0.0
pBcgsSbey6YdBbQGH0nEAMUjA9H2,25,0.135,1.0,0.0,0.0,0.0
qHMPVSZeEOVJeANy4PmaCi0s1LX2,25,0.085,0.99375,0.0064516129032258064,0.0,0.0032258064516129032
ruaVJyjTBAXieStKhxpnd1GTACE2,25,0.245,0.99375,0.0064516129032258064,0.0,0.0032258064516129032
t10BGl5P7lfLJnosyzeNchO2Cgw1,25,0.12,0.99375,0.0,0.2,0.1
wL7w4dmBmxSYXUEO9tYBUp6XaA22,25,0.125,1.0,0.0,0.0,0.0
zADTuV7nEORpOPqPqjLYGgZyVUD3,25,0.075,0.96875,0.03225806451612903,0.0,0.016129032258064516
zisvLwXR2sXkiDyF9hQBgzCT5K03,25,0.195,1.0,0.0,0.0,0.0
zwWo0D9MehY88RXRA0BYoGdJKCz2,25,0.12,1.0,0.0,0.0,0.0
05TW8Ljp5AOArnLclD8e8LIHgwg2,50,0.06,0.94375,0.05806451612903226,0.0,0.02903225806451613
2cLb1nw1ViSuzHnuJ8Xa0roN64q2,50,0.125,0.99375,0.0064516129032258064,0.0,0.0032258064516129032
30m2mK6UrdfP8ENgCSldqeHYwjq2,50,0.04,0.93125,0.07096774193548387,0.0,0.035483870967741936
8g1C9fonDzXAwNoVbGG4vJ7XO1F3,50,0.2,0.99375,0.0064516129032258064,0.0,0.0032258064516129032
8gGAdMn0cGO8J5wVY9lyHNfcrzF3,50,0.225,1.0,0.0,0.0,0.0
9gLVJ3xY2FYHdz1RafqBZ9aUCFh1,50,0.12,1.0,0.0,0.0,0.0
A2SsgxEqJLY9Avf3vCgly0OIQux1,50,0.135,1.0,0.0,0.0,0.0
BnAXORhlmEgFSnmr5BPzEaj813f2,50,0.145,1.0,0.0,0.0,0.0
BqbYZxLSPiNGAJGElBH6dq0Gf422,50,0.17500000000000002,0.98125,0.01935483870967742,0.0,0.00967741935483871
DJldbpv8XEYPwLseK8tAlA0EFfV2,50,0.085,0.9875,0.012903225806451613,0.0,0.0064516129032258064
LAEk3gnIrrPeEc5m2xw2XMg7Ao63,50,0.105,0.96875,0.03225806451612903,0.0,0.016129032258064516
LaWWukYn6xeN1jsWRIBI8QB2PvV2,50,0.13,0.9875,0.012903225806451613,0.0,0.0064516129032258064
Omo5XrILUTX0J0Jih47KSik6Yi43,50,0.095,1.0,0.0,0.0,0.0
PoPWokLWSNV1fAVoEx4sJEERdqL2,50,0.135,1.0,0.0,0.0,0.0
PzRGdxGusYScYl0zOpFXECA49Tq1,50,0.03,0.9625,0.03870967741935484,0.0,0.01935483870967742
QcUKYLclszMKbeOKMPTEIZyiKKU2,50,0.065,0.9375,0.06451612903225806,0.0,0.03225806451612903
RKcUBPWd7Lgr4wrIof2rJxDyitr1,50,0.15,0.9875,0.0,0.4,0.2
So7yhmPlhAcD7aHz0kZYyZYj0Yg1,50,0.105,0.99375,0.0064516129032258064,0.0,0.0032258064516129032
WLA5tSeimOdSy4qCfthdd7C5WeB2,50,0.055,0.95,0.05161290322580645,0.0,0.025806451612903226
WiOvfjiIXHdwNpm5Z4XQkAvGRI23,50,0.14,0.99375,0.0064516129032258064,0.0,0.0032258064516129032
ZPw87WT2yagXd9QO1D3a7uqutlJ3,50,0.145,0.99375,0.0064516129032258064,0.0,0.0032258064516129032
ej3PfaQvUVVIs8EqkGNlOzZx9Is2,50,0.26,1.0,0.0,0.0,0.0
i6SCvQJiqYUDYS1leBqlxRY29jr2,50,0.135,0.99375,0.0,0.2,0.1
my57RUXuMdcCABGumWAajjhxjgi2,50,0.14,0.9875,0.012903225806451613,0.0,0.0064516129032258064
pBcgsSbey6YdBbQGH0nEAMUjA9H2,50,0.12,1.0,0.0,0.0,0.0
qHMPVSZeEOVJeANy4PmaCi0s1LX2,50,0.06,0.9625,0.03870967741935484,0.0,0.01935483870967742
ruaVJyjTBAXieStKhxpnd1GTACE2,50,0.215,0.99375,0.0064516129032258064,0.0,0.0032258064516129032
t10BGl5P7lfLJnosyzeNchO2Cgw1,50,0.17,1.0,0.0,0.0,0.0
wL7w4dmBmxSYXUEO9tYBUp6XaA22,50,0.06,0.975,0.025806451612903226,0.0,0.012903225806451613
zADTuV7nEORpOPqPqjLYGgZyVUD3,50,0.07,0.9625,0.03870967741935484,0.0,0.01935483870967742
zisvLwXR2sXkiDyF9hQBgzCT5K03,50,0.16,1.0,0.0,0.0,0.0
zwWo0D9MehY88RXRA0BYoGdJKCz2,50,0.195,1.0,0.0,0.0,0.0
05TW8Ljp5AOArnLclD8e8LIHgwg2,75,0.06,0.90625,0.0967741935483871,0.0,0.04838709677419355
2cLb1nw1ViSuzHnuJ8Xa0roN64q2,75,0.085,0.9875,0.012903225806451613,0.0,0.0064516129032258064
30m2mK6UrdfP8ENgCSldqeHYwjq2,75,0.05,0.9375,0.06451612903225806,0.0,0.03225806451612903
8g1C9fonDzXAwNoVbGG4vJ7XO1F3,75,0.145,0.9875,0.012903225806451613,0.0,0.0064516129032258064
8gGAdMn0cGO8J5wVY9lyHNfcrzF3,75,0.245,1.0,0.0,0.0,0.0
9gLVJ3xY2FYHdz1RafqBZ9aUCFh1,75,0.13,1.0,0.0,0.0,0.0
A2SsgxEqJLY9Avf3vCgly0OIQux1,75,0.20500000000000002,1.0,0.0,0.0,0.0
BnAXORhlmEgFSnmr5BPzEaj813f2,75,0.135,1.0,0.0,0.0,0.0
BqbYZxLSPiNGAJGElBH6dq0Gf422,75,0.20500000000000002,0.9875,0.012903225806451613,0.0,0.0064516129032258064
DJldbpv8XEYPwLseK8tAlA0EFfV2,75,0.20500000000000002,1.0,0.0,0.0,0.0
LAEk3gnIrrPeEc5m2xw2XMg7Ao63,75,0.22,1.0,0.0,0.0,0.0
LaWWukYn6xeN1jsWRIBI8QB2PvV2,75,0.185,0.99375,0.0064516129032258064,0.0,0.0032258064516129032
Omo5XrILUTX0J0Jih47KSik6Yi43,75,0.065,0.98125,0.01935483870967742,0.0,0.00967741935483871
PoPWokLWSNV1fAVoEx4sJEERdqL2,75,0.095,0.98125,0.01935483870967742,0.0,0.00967741935483871
PzRGdxGusYScYl0zOpFXECA49Tq1,75,0.065,0.9875,0.012903225806451613,0.0,0.0064516129032258064
QcUKYLclszMKbeOKMPTEIZyiKKU2,75,0.1,0.9875,0.012903225806451613,0.0,0.0064516129032258064
RKcUBPWd7Lgr4wrIof2rJxDyitr1,75,0.12,0.99375,0.0064516129032258064,0.0,0.0032258064516129032
So7yhmPlhAcD7aHz0kZYyZYj0Yg1,75,0.145,0.99375,0.0064516129032258064,0.0,0.0032258064516129032
WLA5tSeimOdSy4qCfthdd7C5WeB2,75,0.105,0.96875,0.03225806451612903,0.0,0.016129032258064516
WiOvfjiIXHdwNpm5Z4XQkAvGRI23,75,0.085,1.0,0.0,0.0,0.0
ZPw87WT2yagXd9QO1D3a7uqutlJ3,75,0.135,0.99375,0.0064516129032258064,0.0,0.0032258064516129032
ej3PfaQvUVVIs8EqkGNlOzZx9Is2,75,0.3,1.0,0.0,0.0,0.0
i6SCvQJiqYUDYS1leBqlxRY29jr2,75,0.06,0.96875,0.03225806451612903,0.0,0.016129032258064516
my57RUXuMdcCABGumWAajjhxjgi2,75,0.135,0.98125,0.01935483870967742,0.0,0.00967741935483871
pBcgsSbey6YdBbQGH0nEAMUjA9H2,75,0.115,1.0,0.0,0.0,0.0
qHMPVSZeEOVJeANy4PmaCi0s1LX2,75,0.095,0.9875,0.012903225806451613,0.0,0.0064516129032258064
ruaVJyjTBAXieStKhxpnd1GTACE2,75,0.195,1.0,0.0,0.0,0.0
t10BGl5P7lfLJnosyzeNchO2Cgw1,75,0.095,1.0,0.0,0.0,0.0
wL7w4dmBmxSYXUEO9tYBUp6XaA22,75,0.03,0.95,0.05161290322580645,0.0,0.025806451612903226
zADTuV7nEORpOPqPqjLYGgZyVUD3,75,0.225,0.98125,0.0064516129032258064,0.4,0.20322580645161292
zisvLwXR2sXkiDyF9hQBgzCT5K03,75,0.2,1.0,0.0,0.0,0.0
zwWo0D9MehY88RXRA0BYoGdJKCz2,75,0.11,0.99375,0.0064516129032258064,0.0,0.0032258064516129032
05TW8Ljp5AOArnLclD8e8LIHgwg2,full,0.08,0.95625,0.04516129032258064,0.0,0.02258064516129032
2cLb1nw1ViSuzHnuJ8Xa0roN64q2,full,0.12,1.0,0.0,0.0,0.0
30m2mK6UrdfP8ENgCSldqeHYwjq2,full,0.105,0.975,0.025806451612903226,0.0,0.012903225806451613
8g1C9fonDzXAwNoVbGG4vJ7XO1F3,full,0.19,0.99375,0.0064516129032258064,0.0,0.0032258064516129032
8gGAdMn0cGO8J5wVY9lyHNfcrzF3,full,0.23500000000000001,1.0,0.0,0.0,0.0
9gLVJ3xY2FYHdz1RafqBZ9aUCFh1,full,0.165,1.0,0.0,0.0,0.0
A2SsgxEqJLY9Avf3vCgly0OIQux1,full,0.16,1.0,0.0,0.0,0.0
BnAXORhlmEgFSnmr5BPzEaj813f2,full,0.325,1.0,0.0,0.0,0.0
BqbYZxLSPiNGAJGElBH6dq0Gf422,full,0.23500000000000001,0.9875,0.012903225806451613,0.0,0.0064516129032258064
DJldbpv8XEYPwLseK8tAlA0EFfV2,full,0.135,0.9875,0.012903225806451613,0.0,0.0064516129032258064
LAEk3gnIrrPeEc5m2xw2XMg7Ao63,full,0.185,1.0,0.0,0.0,0.0
LaWWukYn6xeN1jsWRIBI8QB2PvV2,full,0.255,1.0,0.0,0.0,0.0
Omo5XrILUTX0J0Jih47KSik6Yi43,full,0.09,0.99375,0.0064516129032258064,0.0,0.0032258064516129032
PoPWokLWSNV1fAVoEx4sJEERdqL2,full,0.075,0.96875,0.03225806451612903,0.0,0.016129032258064516
PzRGdxGusYScYl0zOpFXECA49Tq1,full,0.04,0.975,0.025806451612903226,0.0,0.012903225806451613
QcUKYLclszMKbeOKMPTEIZyiKKU2,full,0.155,1.0,0.0,0.0,0.0
RKcUBPWd7Lgr4wrIof2rJxDyitr1,full,0.155,1.0,0.0,0.0,0.0
So7yhmPlhAcD7aHz0kZYyZYj0Yg1,full,0.165,0.975,0.01935483870967742,0.2,0.10967741935483871
WLA5tSeimOdSy4qCfthdd7C5WeB2,full,0.145,0.99375,0.0064516129032258064,0.0,0.0032258064516129032
WiOvfjiIXHdwNpm5Z4XQkAvGRI23,full,0.105,1.0,0.0,0.0,0.0
ZPw87WT2yagXd9QO1D3a7uqutlJ3,full,0.12,0.99375,0.0064516129032258064,0.0,0.0032258064516129032
ej3PfaQvUVVIs8EqkGNlOzZx9Is2,full,0.17,1.0,0.0,0.0,0.0
i6SCvQJiqYUDYS1leBqlxRY29jr2,full,0.14,1.0,0.0,0.0,0.0
my57RUXuMdcCABGumWAajjhxjgi2,full,0.20500000000000002,1.0,0.0,0.0,0.0
pBcgsSbey6YdBbQGH0nEAMUjA9H2,full,0.20500000000000002,1.0,0.0,0.0,0.0
qHMPVSZeEOVJeANy4PmaCi0s1LX2,full,0.155,0.99375,0.0064516129032258064,0.0,0.0032258064516129032
ruaVJyjTBAXieStKhxpnd1GTACE2,full,0.22,1.0,0.0,0.0,0.0
t10BGl5P7lfLJnosyzeNchO2Cgw1,full,0.09,1.0,0.0,0.0,0.0
wL7w4dmBmxSYXUEO9tYBUp6XaA22,full,0.035,0.95625,0.04516129032258064,0.0,0.02258064516129032
zADTuV7nEORpOPqPqjLYGgZyVUD3,full,0.23500000000000001,0.99375,0.0,0.2,0.1
zisvLwXR2sXkiDyF9hQBgzCT5K03,full,0.15,1.0,0.0,0.0,0.0
zwWo0D9MehY88RXRA0BYoGdJKCz2,full,0.11,1.0,0.0,0.0,0.0
