input,session_id,timestamp,x,y,z
sensor_gyroscope,59133d35-47ac-4774-a942-af6976c96de7,1777733685501383290,0.14487585,0.44354916,-0.086818986
sensor_gyroscope,59133d35-47ac-4774-a942-af6976c96de7,1777733685521396727,-0.2970754,0.07603319,0.49255127
sensor_gyroscope,59133d35-47ac-4774-a942-af6976c96de7,1777733685541412352,-0.44727758,-0.013448954,0.55007553
sensor_gyroscope,59133d35-47ac-4774-a942-af6976c96de7,1777733685561429227,-0.4579302,0.3008038,0.14527532
sensor_gyroscope,59133d35-47ac-4774-a942-af6976c96de7,1777733685581440009,-0.3205112,0.1782985,-0.075101085
sensor_gyroscope,59133d35-47ac-4774-a942-af6976c96de7,1777733685601450373,-0.06285056,-0.3030675,-0.20612851
sensor_gyroscope,59133d35-47ac-4774-a942-af6976c96de7,1777733685621457717,0.124635845,-0.42131177,-0.11132005
sensor_gyroscope,59133d35-47ac-4774-a942-af6976c96de7,1777733685641484332,0.15339796,-0.095341094,-0.07084003
sensor_gyroscope,59133d35-47ac-4774-a942-af6976c96de7,1777733685661485686,0.039414756,0.072837405,-0.054861076
sensor_gyroscope,59133d35-47ac-4774-a942-af6976c96de7,1777733685681490686,-0.11917637,-0.044341598,-0.011185268
sensor_gyroscope,59133d35-47ac-4774-a942-af6976c96de7,1777733685701520165,-0.17776588,-0.1155811,0.06657898
sensor_gyroscope,59133d35-47ac-4774-a942-af6976c96de7,1777733685721558967,-0.06817687,-0.079495296,0.05273055
sensor_gyroscope,59133d35-47ac-4774-a942-af6976c96de7,1777733685741540738,0.036218964,-0.014514217,0.05912213
sensor_gyroscope,59133d35-47ac-4774-a942-af6976c96de7,1777733685761548290,0.036218964,0.16338481,0.006924214
sensor_gyroscope,59133d35-47ac-4774-a942-af6976c96de7,1777733685781584488,-0.005326318,0.11757848,-0.014381059
sensor_gyroscope,59133d35-47ac-4774-a942-af6976c96de7,1777733685801573863,0.07243793,-0.08695214,-0.048469495
sensor_gyroscope,59133d35-47ac-4774-a942-af6976c96de7,1777733685821617352,0.07563372,-0.21891168,-0.11984216
sensor_gyroscope,59133d35-47ac-4774-a942-af6976c96de7,1777733685841621727,-0.015978955,-0.1858885,-0.09427583
sensor_gyroscope,59133d35-47ac-4774-a942-af6976c96de7,1777733685861638394,-0.07350319,-0.018775271,-0.027164223
sensor_gyroscope,59133d35-47ac-4774-a942-af6976c96de7,1777733685881654227,-0.013848428,0.027031064,-0.06764424
sensor_gyroscope,59133d35-47ac-4774-a942-af6976c96de7,1777733685901652457,0.018109482,-0.023036325,-0.08362319
sensor_gyroscope,59133d35-47ac-4774-a942-af6976c96de7,1777733685921657977,0.019174745,-0.01238369,-0.1038632
sensor_gyroscope,59133d35-47ac-4774-a942-af6976c96de7,1777733685941678394,0.041545283,-0.0038615807,-0.06125266
sensor_gyroscope,59133d35-47ac-4774-a942-af6976c96de7,1777733685961665113,0.053263184,0.04301002,-0.04420844
sensor_gyroscope,59133d35-47ac-4774-a942-af6976c96de7,1777733685981702144,-0.030892646,0.06751108,-0.045273706
sensor_gyroscope,59133d35-47ac-4774-a942-af6976c96de7,1777733686001695165,-0.091612674,-0.005992108,-0.02929475
sensor_gyroscope,59133d35-47ac-4774-a942-af6976c96de7,1777733686021712925,-0.03302317,-0.17204008,-0.019707378
sensor_gyroscope,59133d35-47ac-4774-a942-af6976c96de7,1777733686041708186,0.103330575,-0.26045695,-0.053795815
sensor_gyroscope,59133d35-47ac-4774-a942-af6976c96de7,1777733686061736207,-0.035153702,0.07496793,-0.017576851
sensor_gyroscope,59133d35-47ac-4774-a942-af6976c96de7,1777733686081731415,-0.19267955,0.24541011,-0.011185268
sensor_gyroscope,59133d35-47ac-4774-a942-af6976c96de7,1777733686101748602,-0.12556796,0.041944757,-0.035686333
sensor_gyroscope,59133d35-47ac-4774-a942-af6976c96de7,1777733686121790217,-0.022370536,-0.043276336,-0.048469495
sensor_gyroscope,59133d35-47ac-4774-a942-af6976c96de7,1777733686141771207,-0.0074568456,0.015313165,-0.048469495
sensor_gyroscope,59133d35-47ac-4774-a942-af6976c96de7,1777733686161779852,-0.06285056,0.055793185,-0.06125266
sensor_gyroscope,59133d35-47ac-4774-a942-af6976c96de7,1777733686181795269,-0.012783164,0.02277001,-0.060187396
sensor_gyroscope,59133d35-47ac-4774-a942-af6976c96de7,1777733686201834123,0.03302317,0.035553172,-0.05273055
sensor_gyroscope,59133d35-47ac-4774-a942-af6976c96de7,1777733686221826727,0.009587373,0.070706874,-0.07403582
sensor_gyroscope,59133d35-47ac-4774-a942-af6976c96de7,1777733686241838290,-0.11491532,0.03448791,-0.06764424
sensor_gyroscope,59133d35-47ac-4774-a942-af6976c96de7,1777733686261845217,-0.06285056,-0.18482324,-0.034621067
sensor_gyroscope,59133d35-47ac-4774-a942-af6976c96de7,1777733686281854696,0.03302317,-0.224238,-0.046338968
sensor_gyroscope,59133d35-47ac-4774-a942-af6976c96de7,1777733686301870582,-0.056458972,0.07603319,0.011185268
sensor_gyroscope,59133d35-47ac-4774-a942-af6976c96de7,1777733686321880634,-0.12663321,0.3189133,0.04420844
sensor_gyroscope,59133d35-47ac-4774-a942-af6976c96de7,1777733686341885269,-0.13515532,0.39667755,0.07616635
sensor_gyroscope,59133d35-47ac-4774-a942-af6976c96de7,1777733686361905738,0.005326318,0.29654276,0.08468846
sensor_gyroscope,59133d35-47ac-4774-a942-af6976c96de7,1777733686381911467,0.28122962,0.055793185,0.08042741
sensor_gyroscope,59133d35-47ac-4774-a942-af6976c96de7,1777733686401927144,0.41119176,-0.11984216,0.075101085
sensor_gyroscope,59133d35-47ac-4774-a942-af6976c96de7,1777733686421932613,0.46538705,-0.017710008,0.042077914
sensor_gyroscope,59133d35-47ac-4774-a942-af6976c96de7,1777733686441947509,0.43982074,-0.10599373,-0.00585895
sensor_gyroscope,59133d35-47ac-4774-a942-af6976c96de7,1777733686461967769,0.16192007,0.056858446,0.007989477
sensor_gyroscope,59133d35-47ac-4774-a942-af6976c96de7,1777733686481970894,-0.08628636,0.21132168,-5.326318E-4
sensor_gyroscope,59133d35-47ac-4774-a942-af6976c96de7,1777733686501978550,0.12783164,-0.3882886,-0.054861076
sensor_gyroscope,59133d35-47ac-4774-a942-af6976c96de7,1777733686521991259,0.2961433,-0.48416233,-0.051665287
sensor_gyroscope,59133d35-47ac-4774-a942-af6976c96de7,1777733686542016727,-0.0042610546,-0.10066742,-0.0015978955
sensor_gyroscope,59133d35-47ac-4774-a942-af6976c96de7,1777733686562019332,-0.29920593,0.3071954,0.010120004
sensor_gyroscope,59133d35-47ac-4774-a942-af6976c96de7,1777733686582024436,-0.30027118,0.13994901,-0.00585895
sensor_gyroscope,59133d35-47ac-4774-a942-af6976c96de7,1777733686602037665,-0.13089427,-0.09960215,-0.012250531
sensor_gyroscope,59133d35-47ac-4774-a942-af6976c96de7,1777733686622054175,-0.071372665,-0.14753902,-0.014381059
sensor_gyroscope,59133d35-47ac-4774-a942-af6976c96de7,1777733686642069123,-0.069242135,0.0067910557,-0.025033696
sensor_gyroscope,59133d35-47ac-4774-a942-af6976c96de7,1777733686662080217,0.0010652636,0.20599535,-0.033555806
sensor_gyroscope,59133d35-47ac-4774-a942-af6976c96de7,1777733686682091675,0.16724639,0.21238694,-0.04314318
sensor_gyroscope,59133d35-47ac-4774-a942-af6976c96de7,1777733686702100790,0.2631201,0.07496793,-0.035686333
sensor_gyroscope,59133d35-47ac-4774-a942-af6976c96de7,1777733686722111259,0.35260227,-0.63010347,-0.11025479
sensor_gyroscope,59133d35-47ac-4774-a942-af6976c96de7,1777733686742126259,0.2577938,-0.14114743,-0.02609896
sensor_gyroscope,59133d35-47ac-4774-a942-af6976c96de7,1777733686762132821,-0.056458972,0.4721781,0.04953476
sensor_gyroscope,59133d35-47ac-4774-a942-af6976c96de7,1777733686782141623,-0.060720026,0.57657397,0.04314318
sensor_gyroscope,59133d35-47ac-4774-a942-af6976c96de7,1777733686802148655,-0.1767006,0.1314269,0.07190529
sensor_gyroscope,59133d35-47ac-4774-a942-af6976c96de7,1777733686822171415,-0.09800425,-0.044341598,0.02609896
sensor_gyroscope,59133d35-47ac-4774-a942-af6976c96de7,1777733686842173550,0.045806337,-0.057124764,0.002663159
sensor_gyroscope,59133d35-47ac-4774-a942-af6976c96de7,1777733686862210321,0.042610545,-0.05392897,0.039947387
sensor_gyroscope,59133d35-47ac-4774-a942-af6976c96de7,1777733686882204436,-0.034088437,0.08668583,0.07616635
sensor_gyroscope,59133d35-47ac-4774-a942-af6976c96de7,1777733686902217925,0.0,0.17403744,0.08788425
sensor_gyroscope,59133d35-47ac-4774-a942-af6976c96de7,1777733686922231727,0.24820642,0.053662658,0.019707378
sensor_gyroscope,59133d35-47ac-4774-a942-af6976c96de7,1777733686942234280,0.4344944,-0.0326237,-0.00585895
sensor_gyroscope,59133d35-47ac-4774-a942-af6976c96de7,1777733686962277509,0.41971388,-0.13156006,-0.065513715
sensor_gyroscope,59133d35-47ac-4774-a942-af6976c96de7,1777733686982260061,-0.04474107,-0.07523424,-0.051665287
sensor_gyroscope,59133d35-47ac-4774-a942-af6976c96de7,1777733687002269748,-0.3876228,-0.080560565,-0.050600022
sensor_gyroscope,59133d35-47ac-4774-a942-af6976c96de7,1777733687022260373,-0.287488,-0.48948863,-0.075101085
sensor_gyroscope,59133d35-47ac-4774-a942-af6976c96de7,1777733687042289436,-0.41531965,-0.39574546,-0.039947387
sensor_gyroscope,59133d35-47ac-4774-a942-af6976c96de7,1777733687062310217,-0.58150077,0.033422645,-0.0015978955
sensor_gyroscope,59133d35-47ac-4774-a942-af6976c96de7,1777733687082314748,-0.4110586,0.34980595,0.00585895
sensor_gyroscope,59133d35-47ac-4774-a942-af6976c96de7,1777733687102334696,-0.03834949,0.17723323,0.027164223
sensor_gyroscope,59133d35-47ac-4774-a942-af6976c96de7,1777733687122319592,0.2897517,-0.0912132,0.07297056
sensor_gyroscope,59133d35-47ac-4774-a942-af6976c96de7,1777733687142366467,0.3664507,-0.26365274,0.05592634
sensor_gyroscope,59133d35-47ac-4774-a942-af6976c96de7,1777733687162371363,-0.053263184,0.10053425,0.05805687
sensor_gyroscope,59133d35-47ac-4774-a942-af6976c96de7,1777733687182384384,-0.1447427,0.2486059,0.009054741
sensor_gyroscope,59133d35-47ac-4774-a942-af6976c96de7,1777733687202403811,0.06711161,0.0046605286,0.009054741
sensor_gyroscope,59133d35-47ac-4774-a942-af6976c96de7,1777733687222405894,0.20133483,-0.15499586,0.06977477
sensor_gyroscope,59133d35-47ac-4774-a942-af6976c96de7,1777733687242429905,0.14487585,-0.16032217,0.109189525
sensor_gyroscope,59133d35-47ac-4774-a942-af6976c96de7,1777733687262451727,0.20666115,-0.069907926,0.046338968
sensor_gyroscope,59133d35-47ac-4774-a942-af6976c96de7,1777733687282456780,0.46858284,-0.05925529,-0.05273055
sensor_gyroscope,59133d35-47ac-4774-a942-af6976c96de7,1777733687302455946,0.6603303,0.06538056,-0.07297056
sensor_gyroscope,59133d35-47ac-4774-a942-af6976c96de7,1777733687322498602,0.4909534,-0.14114743,-0.07084003
sensor_gyroscope,59133d35-47ac-4774-a942-af6976c96de7,1777733687342478707,0.020240009,-0.14327796,-0.021837905
sensor_gyroscope,59133d35-47ac-4774-a942-af6976c96de7,1777733687362490425,-0.12450269,-0.2093243,-0.053795815
sensor_gyroscope,59133d35-47ac-4774-a942-af6976c96de7,1777733687382507040,-0.20865852,-0.08695214,-0.077231616
sensor_gyroscope,59133d35-47ac-4774-a942-af6976c96de7,1777733687402520894,-0.32796803,-0.0070573715,0.016511586
sensor_gyroscope,59133d35-47ac-4774-a942-af6976c96de7,1777733687422541623,-0.26937854,0.031292118,0.054861076
sensor_gyroscope,59133d35-47ac-4774-a942-af6976c96de7,1777733687442524436,-0.11598058,-0.0038615807,-0.027164223
sensor_gyroscope,59133d35-47ac-4774-a942-af6976c96de7,1777733687462544332,-0.15539533,0.1463406,-0.022903169
sensor_gyroscope,59133d35-47ac-4774-a942-af6976c96de7,1777733687482549175,-0.22463746,0.15273218,0.011185268
sensor_gyroscope,59133d35-47ac-4774-a942-af6976c96de7,1777733687502560269,-0.22570273,0.16231954,0.015446323
sensor_gyroscope,59133d35-47ac-4774-a942-af6976c96de7,1777733687522586259,-0.121306896,0.23582274,0.0047936863
sensor_gyroscope,59133d35-47ac-4774-a942-af6976c96de7,1777733687542583134,0.008522109,0.16018902,-0.022903169
sensor_gyroscope,59133d35-47ac-4774-a942-af6976c96de7,1777733687562597144,0.13315795,0.18362482,-0.034621067
sensor_gyroscope,59133d35-47ac-4774-a942-af6976c96de7,1777733687582610477,0.4133223,-0.47777075,-0.054861076
sensor_gyroscope,59133d35-47ac-4774-a942-af6976c96de7,1777733687602616727,0.3398191,-0.13582112,-0.030360013
sensor_gyroscope,59133d35-47ac-4774-a942-af6976c96de7,1777733687622626311,-0.053263184,0.3008038,-0.0037284228
sensor_gyroscope,59133d35-47ac-4774-a942-af6976c96de7,1777733687642644644,-0.2704438,0.4668518,0.04101265
sensor_gyroscope,59133d35-47ac-4774-a942-af6976c96de7,1777733687662653290,-0.226768,0.06005424,0.027164223
sensor_gyroscope,59133d35-47ac-4774-a942-af6976c96de7,1777733687682666207,-0.13728586,-0.17630114,0.018642114
sensor_gyroscope,59133d35-47ac-4774-a942-af6976c96de7,1777733687702681988,-0.15006901,-0.06245108,0.0047936863
sensor_gyroscope,59133d35-47ac-4774-a942-af6976c96de7,1777733687722691832,-0.11917637,0.08881636,-0.03142528
sensor_gyroscope,59133d35-47ac-4774-a942-af6976c96de7,1777733687742701884,0.025566328,0.053662658,-0.033555806
sensor_gyroscope,59133d35-47ac-4774-a942-af6976c96de7,1777733687762719488,0.14274533,0.029161593,-0.03142528
sensor_gyroscope,59133d35-47ac-4774-a942-af6976c96de7,1777733687782732457,0.11824426,0.05792371,-0.0037284228
sensor_gyroscope,59133d35-47ac-4774-a942-af6976c96de7,1777733687802728550,0.23222747,-0.4767055,-0.025033696
sensor_gyroscope,59133d35-47ac-4774-a942-af6976c96de7,1777733687822712977,0.17470324,-0.040080544,0.010120004
sensor_gyroscope,59133d35-47ac-4774-a942-af6976c96de7,1777733687842749957,-0.12663321,0.28482488,0.051665287
sensor_gyroscope,59133d35-47ac-4774-a942-af6976c96de7,1777733687862782561,-0.15752587,0.41372177,0.065513715
sensor_gyroscope,59133d35-47ac-4774-a942-af6976c96de7,1777733687882775738,-0.053263184,0.12503532,0.046338968
sensor_gyroscope,59133d35-47ac-4774-a942-af6976c96de7,1777733687902792509,-0.025566328,-0.14114743,0.033555806
sensor_gyroscope,59133d35-47ac-4774-a942-af6976c96de7,1777733687922811884,-0.056458972,-0.08908267,0.02929475
sensor_gyroscope,59133d35-47ac-4774-a942-af6976c96de7,1777733687942811363,0.07989477,0.07496793,-0.00585895
sensor_gyroscope,59133d35-47ac-4774-a942-af6976c96de7,1777733687962823550,0.17683376,-0.14540848,-0.02609896
sensor_gyroscope,59133d35-47ac-4774-a942-af6976c96de7,1777733687982837300,-0.024501063,0.055793185,-0.036751594
sensor_gyroscope,59133d35-47ac-4774-a942-af6976c96de7,1777733688002847092,-0.11704584,0.09520794,-0.075101085
sensor_gyroscope,59133d35-47ac-4774-a942-af6976c96de7,1777733688022884748,0.019174745,-0.07416898,-0.05912213
sensor_gyroscope,59133d35-47ac-4774-a942-af6976c96de7,1777733688042866936,0.25033695,-0.5086634,-0.1155811
sensor_gyroscope,59133d35-47ac-4774-a942-af6976c96de7,1777733688062884540,-0.028762119,-0.28495803,-0.048469495
sensor_gyroscope,59133d35-47ac-4774-a942-af6976c96de7,1777733688082890582,-0.32690278,0.06431529,-0.0037284228
sensor_gyroscope,59133d35-47ac-4774-a942-af6976c96de7,1777733688102912613,-0.2917491,0.3008038,0.028229486
sensor_gyroscope,59133d35-47ac-4774-a942-af6976c96de7,1777733688122916207,-0.11065426,0.18255955,0.042077914
sensor_gyroscope,59133d35-47ac-4774-a942-af6976c96de7,1777733688142926727,0.03195791,0.009986847,0.050600022
sensor_gyroscope,59133d35-47ac-4774-a942-af6976c96de7,1777733688162938394,0.11824426,-0.045406863,0.036751594
sensor_gyroscope,59133d35-47ac-4774-a942-af6976c96de7,1777733688182953498,0.11930953,-0.0677774,-0.023968432
sensor_gyroscope,59133d35-47ac-4774-a942-af6976c96de7,1777733688202971467,-0.070307404,0.080294244,0.00585895
sensor_gyroscope,59133d35-47ac-4774-a942-af6976c96de7,1777733688222952405,-0.025566328,0.06325003,0.007989477
sensor_gyroscope,59133d35-47ac-4774-a942-af6976c96de7,1777733688242994540,0.06711161,-0.12729901,0.03888212
sensor_gyroscope,59133d35-47ac-4774-a942-af6976c96de7,1777733688263006050,0.15552849,-0.09427583,0.10279794
sensor_gyroscope,59133d35-47ac-4774-a942-af6976c96de7,1777733688283022248,0.16298534,0.11118689,0.19640799
sensor_gyroscope,59133d35-47ac-4774-a942-af6976c96de7,1777733688303026988,0.1640506,0.1782985,0.25073642
sensor_gyroscope,59133d35-47ac-4774-a942-af6976c96de7,1777733688323053550,0.40480018,0.12183953,0.1431448
sensor_gyroscope,59133d35-47ac-4774-a942-af6976c96de7,1777733688343051727,0.58150077,0.04833634,0.062317923
sensor_gyroscope,59133d35-47ac-4774-a942-af6976c96de7,1777733688363052717,0.61026293,0.25606275,0.03888212
sensor_gyroscope,59133d35-47ac-4774-a942-af6976c96de7,1777733688383074436,0.5026713,0.24114905,-0.025033696
sensor_gyroscope,59133d35-47ac-4774-a942-af6976c96de7,1777733688403077613,0.10226531,-0.095341094,-0.017576851
sensor_gyroscope,59133d35-47ac-4774-a942-af6976c96de7,1777733688423117196,-0.1447427,-0.12729901,-0.05805687
sensor_gyroscope,59133d35-47ac-4774-a942-af6976c96de7,1777733688443135373,-0.16178691,0.08775109,-0.13582112
sensor_gyroscope,59133d35-47ac-4774-a942-af6976c96de7,1777733688463118707,-0.30666277,0.018508956,-0.10066742
sensor_gyroscope,59133d35-47ac-4774-a942-af6976c96de7,1777733688483135738,-0.4877576,-0.2210422,-0.021837905
sensor_gyroscope,59133d35-47ac-4774-a942-af6976c96de7,1777733688503142509,-0.30985856,-0.11771163,0.0037284228
sensor_gyroscope,59133d35-47ac-4774-a942-af6976c96de7,1777733688523108967,0.09693899,0.0067910557,-0.020772642
sensor_gyroscope,59133d35-47ac-4774-a942-af6976c96de7,1777733688543178915,0.43342915,0.13994901,0.0047936863
sensor_gyroscope,59133d35-47ac-4774-a942-af6976c96de7,1777733688563186623,0.49734497,0.1932122,-0.013315796
sensor_gyroscope,59133d35-47ac-4774-a942-af6976c96de7,1777733688583199800,-0.04474107,0.009986847,0.017576851
sensor_gyroscope,59133d35-47ac-4774-a942-af6976c96de7,1777733688603210321,-0.41212386,0.05472792,-0.033555806
sensor_gyroscope,59133d35-47ac-4774-a942-af6976c96de7,1777733688623187457,-0.28322697,0.041944757,-0.08894952
sensor_gyroscope,59133d35-47ac-4774-a942-af6976c96de7,1777733688643227977,-0.16604798,-0.13901691,-0.077231616
sensor_gyroscope,59133d35-47ac-4774-a942-af6976c96de7,1777733688663243238,-0.28003117,-0.0038615807,0.014381059
sensor_gyroscope,59133d35-47ac-4774-a942-af6976c96de7,1777733688683252873,-0.14261217,0.029161593,-0.0037284228
sensor_gyroscope,59133d35-47ac-4774-a942-af6976c96de7,1777733688703268863,0.019174745,-0.060320552,-0.02609896
sensor_gyroscope,59133d35-47ac-4774-a942-af6976c96de7,1777733688723275738,0.0042610546,-0.0017310535,-0.039947387
sensor_gyroscope,59133d35-47ac-4774-a942-af6976c96de7,1777733688743290790,-0.041545283,0.12823111,-0.035686333
sensor_gyroscope,59133d35-47ac-4774-a942-af6976c96de7,1777733688763307196,0.020240009,0.15912376,-0.018642114
sensor_gyroscope,59133d35-47ac-4774-a942-af6976c96de7,1777733688783328915,0.14700638,0.08881636,-0.00585895
sensor_gyroscope,59133d35-47ac-4774-a942-af6976c96de7,1777733688803332769,0.24820642,-0.008122635,-0.03249054
sensor_gyroscope,59133d35-47ac-4774-a942-af6976c96de7,1777733688823353394,0.24181485,-0.108124256,-0.03888212
sensor_gyroscope,59133d35-47ac-4774-a942-af6976c96de7,1777733688843330738,0.24181485,-0.15925692,-0.075101085
sensor_gyroscope,59133d35-47ac-4774-a942-af6976c96de7,1777733688863351155,-0.013848428,0.08668583,-0.03249054
sensor_gyroscope,59133d35-47ac-4774-a942-af6976c96de7,1777733688883356623,-0.13941638,0.23369221,-0.027164223
sensor_gyroscope,59133d35-47ac-4774-a942-af6976c96de7,1777733688903380946,-0.06285056,-0.008122635,-0.014381059
sensor_gyroscope,59133d35-47ac-4774-a942-af6976c96de7,1777733688923408915,-0.042610545,-0.10279794,-0.006924214
sensor_gyroscope,59133d35-47ac-4774-a942-af6976c96de7,1777733688943390009,-0.07563372,-0.01238369,-0.015446323
sensor_gyroscope,59133d35-47ac-4774-a942-af6976c96de7,1777733688963413550,-0.009587373,0.12183953,-0.021837905
sensor_gyroscope,59133d35-47ac-4774-a942-af6976c96de7,1777733688983430634,0.14807165,0.12077426,-0.012250531
sensor_gyroscope,59133d35-47ac-4774-a942-af6976c96de7,1777733689003430894,0.2460759,0.07816372,-5.326318E-4
sensor_gyroscope,59133d35-47ac-4774-a942-af6976c96de7,1777733689023439384,0.17150745,0.09946899,0.012250531
sensor_gyroscope,59133d35-47ac-4774-a942-af6976c96de7,1777733689043477457,0.25353274,-0.34248227,-0.042077914
sensor_gyroscope,59133d35-47ac-4774-a942-af6976c96de7,1777733689063465634,0.19707377,-0.20612851,-0.0037284228
sensor_gyroscope,59133d35-47ac-4774-a942-af6976c96de7,1777733689083475061,-0.2970754,0.19534272,0.042077914
sensor_gyroscope,59133d35-47ac-4774-a942-af6976c96de7,1777733689103491155,-0.3609912,0.44141862,0.07084003
sensor_gyroscope,59133d35-47ac-4774-a942-af6976c96de7,1777733689123492040,-0.060720026,0.17403744,0.03781686
sensor_gyroscope,59133d35-47ac-4774-a942-af6976c96de7,1777733689143505842,0.14913692,-0.19973694,-5.326318E-4
sensor_gyroscope,59133d35-47ac-4774-a942-af6976c96de7,1777733689163519384,0.051132657,-0.1976064,-0.007989477
sensor_gyroscope,59133d35-47ac-4774-a942-af6976c96de7,1777733689183537196,-0.1532648,-0.050733183,-0.018642114
sensor_gyroscope,59133d35-47ac-4774-a942-af6976c96de7,1777733689203538186,-0.16285218,0.115447946,-0.08788425
sensor_gyroscope,59133d35-47ac-4774-a942-af6976c96de7,1777733689223555738,-0.006391582,-0.10173268,-0.07829688
sensor_gyroscope,59133d35-47ac-4774-a942-af6976c96de7,1777733689243562300,-0.0010652636,-0.4234423,-0.033555806
sensor_gyroscope,59133d35-47ac-4774-a942-af6976c96de7,1777733689263577352,0.015978955,-0.6874945,-0.1155811
sensor_gyroscope,59133d35-47ac-4774-a942-af6976c96de7,1777733689283592196,-0.11491532,-0.19014956,-0.07829688
sensor_gyroscope,59133d35-47ac-4774-a942-af6976c96de7,1777733689303600321,-0.18628798,0.052597392,-0.054861076
sensor_gyroscope,59133d35-47ac-4774-a942-af6976c96de7,1777733689323617665,-0.12769848,0.0962732,-0.013315796
sensor_gyroscope,59133d35-47ac-4774-a942-af6976c96de7,1777733689343624957,-0.034088437,-0.07416898,-0.019707378
sensor_gyroscope,59133d35-47ac-4774-a942-af6976c96de7,1777733689363645425,-0.1054611,-0.06351634,-0.017576851
sensor_gyroscope,59133d35-47ac-4774-a942-af6976c96de7,1777733689383659592,-0.20120168,0.13994901,0.028229486
sensor_gyroscope,59133d35-47ac-4774-a942-af6976c96de7,1777733689403686936,-0.13409007,0.2134522,0.047404233
sensor_gyroscope,59133d35-47ac-4774-a942-af6976c96de7,1777733689423651050,-0.0042610546,0.17616798,0.020772642
sensor_gyroscope,59133d35-47ac-4774-a942-af6976c96de7,1777733689443676467,-0.018109482,0.055793185,-0.03142528
sensor_gyroscope,59133d35-47ac-4774-a942-af6976c96de7,1777733689463694123,-0.08948214,0.16445008,-0.062317923
sensor_gyroscope,59133d35-47ac-4774-a942-af6976c96de7,1777733689483711102,-0.006391582,0.11864374,-0.05592634
sensor_gyroscope,59133d35-47ac-4774-a942-af6976c96de7,1777733689503721363,0.028762119,-0.0560595,0.006924214
sensor_gyroscope,59133d35-47ac-4774-a942-af6976c96de7,1777733689523747457,-0.06285056,-0.15286534,0.047404233
sensor_gyroscope,59133d35-47ac-4774-a942-af6976c96de7,1777733689543744488,-0.22889853,-0.18269272,0.033555806
sensor_gyroscope,59133d35-47ac-4774-a942-af6976c96de7,1777733689563769905,-0.3322291,-0.097471625,0.02929475
sensor_gyroscope,59133d35-47ac-4774-a942-af6976c96de7,1777733689583766415,-0.37483963,-0.07736477,0.053795815
sensor_gyroscope,59133d35-47ac-4774-a942-af6976c96de7,1777733689603779019,-0.34820804,-0.05286371,0.08468846
sensor_gyroscope,59133d35-47ac-4774-a942-af6976c96de7,1777733689623794280,-0.25553012,-0.118776895,0.03142528
sensor_gyroscope,59133d35-47ac-4774-a942-af6976c96de7,1777733689643793602,-0.16285218,-0.069907926,-0.027164223
sensor_gyroscope,59133d35-47ac-4774-a942-af6976c96de7,1777733689663817300,-0.14687322,-0.04753739,-0.050600022
sensor_gyroscope,59133d35-47ac-4774-a942-af6976c96de7,1777733689683829384,-0.1767006,0.015313165,-0.042077914
sensor_gyroscope,59133d35-47ac-4774-a942-af6976c96de7,1777733689703842040,-0.19481009,0.05472792,-0.020772642
sensor_gyroscope,59133d35-47ac-4774-a942-af6976c96de7,1777733689723826623,-0.14261217,0.053662658,0.016511586
sensor_gyroscope,59133d35-47ac-4774-a942-af6976c96de7,1777733689743860582,-0.015978955,0.027031064,0.030360013
sensor_gyroscope,59133d35-47ac-4774-a942-af6976c96de7,1777733689763872769,0.09054741,0.06964161,-0.010120004
sensor_gyroscope,59133d35-47ac-4774-a942-af6976c96de7,1777733689783884957,0.042610545,-0.002796317,-0.02609896
sensor_gyroscope,59133d35-47ac-4774-a942-af6976c96de7,1777733689803900113,-0.0585895,-0.019840535,0.014381059
sensor_gyroscope,59133d35-47ac-4774-a942-af6976c96de7,1777733689823871311,0.030892646,0.050466865,-0.022903169
sensor_gyroscope,59133d35-47ac-4774-a942-af6976c96de7,1777733689843911259,0.05006739,-0.03581949,-0.007989477
sensor_gyroscope,59133d35-47ac-4774-a942-af6976c96de7,1777733689863932561,-0.008522109,-0.057124764,0.002663159
sensor_gyroscope,59133d35-47ac-4774-a942-af6976c96de7,1777733689883936832,-0.022370536,-0.043276336,0.006924214
sensor_gyroscope,59133d35-47ac-4774-a942-af6976c96de7,1777733689903956571,0.061785292,-0.011318427,-0.014381059
sensor_gyroscope,59133d35-47ac-4774-a942-af6976c96de7,1777733689923991832,0.07456846,0.0259658,-0.013315796
sensor_gyroscope,59133d35-47ac-4774-a942-af6976c96de7,1777733689943991623,0.07456846,0.036618438,-0.017576851
sensor_gyroscope,59133d35-47ac-4774-a942-af6976c96de7,1777733689964003030,0.08415583,0.032357384,-0.014381059
sensor_gyroscope,59133d35-47ac-4774-a942-af6976c96de7,1777733689984015946,0.059654765,0.023835273,-0.0037284228
sensor_gyroscope,59133d35-47ac-4774-a942-af6976c96de7,1777733690004030477,0.051132657,0.031292118,0.0037284228
sensor_gyroscope,59133d35-47ac-4774-a942-af6976c96de7,1777733690024033186,0.059654765,0.0046605286,0.002663159
sensor_gyroscope,59133d35-47ac-4774-a942-af6976c96de7,1777733690044054436,0.07882951,-0.02410159,-0.00585895
sensor_gyroscope,59133d35-47ac-4774-a942-af6976c96de7,1777733690064061623,0.09800425,-0.014514217,-0.025033696
sensor_gyroscope,59133d35-47ac-4774-a942-af6976c96de7,1777733690084073811,0.07882951,0.015313165,-0.03888212
sensor_gyroscope,59133d35-47ac-4774-a942-af6976c96de7,1777733690104077769,0.15659375,-0.07736477,-0.045273706
sensor_gyroscope,59133d35-47ac-4774-a942-af6976c96de7,1777733690124101311,0.31105697,-0.0677774,-0.06764424
sensor_gyroscope,59133d35-47ac-4774-a942-af6976c96de7,1777733690144101207,0.12037479,0.06538056,-0.033555806
sensor_gyroscope,59133d35-47ac-4774-a942-af6976c96de7,1777733690164114957,0.0468716,0.3285007,-0.048469495
sensor_gyroscope,59133d35-47ac-4774-a942-af6976c96de7,1777733690184124748,0.092677936,0.2869554,-0.034621067
sensor_gyroscope,59133d35-47ac-4774-a942-af6976c96de7,1777733690204141415,0.11398321,0.053662658,-0.002663159
sensor_gyroscope,59133d35-47ac-4774-a942-af6976c96de7,1777733690224155894,0.101200044,0.17190692,0.039947387
sensor_gyroscope,59133d35-47ac-4774-a942-af6976c96de7,1777733690244144227,0.112917945,0.3253049,0.06444845
sensor_gyroscope,59133d35-47ac-4774-a942-af6976c96de7,1777733690264155217,0.17044218,0.29973856,0.056991603
sensor_gyroscope,59133d35-47ac-4774-a942-af6976c96de7,1777733690284171780,0.123570584,0.07496793,0.0047936863
sensor_gyroscope,59133d35-47ac-4774-a942-af6976c96de7,1777733690304179957,0.0117179,0.104795314,-0.047404233
sensor_gyroscope,59133d35-47ac-4774-a942-af6976c96de7,1777733690324211050,0.012783164,0.047271073,-0.051665287
sensor_gyroscope,59133d35-47ac-4774-a942-af6976c96de7,1777733690344202717,0.0042610546,-0.15180007,0.006924214
sensor_gyroscope,59133d35-47ac-4774-a942-af6976c96de7,1777733690364222821,-0.09906952,-0.20612851,0.039947387
sensor_gyroscope,59133d35-47ac-4774-a942-af6976c96de7,1777733690384235373,-0.17243955,-0.15393059,0.036751594
sensor_gyroscope,59133d35-47ac-4774-a942-af6976c96de7,1777733690404247769,-0.10439584,-0.11345058,0.019707378
sensor_gyroscope,59133d35-47ac-4774-a942-af6976c96de7,1777733690424237509,-0.021305272,-0.0326237,0.046338968
sensor_gyroscope,59133d35-47ac-4774-a942-af6976c96de7,1777733690444265217,0.010652636,0.008921583,0.07936214
sensor_gyroscope,59133d35-47ac-4774-a942-af6976c96de7,1777733690464283446,-0.0021305273,0.027031064,0.08149267
sensor_gyroscope,59133d35-47ac-4774-a942-af6976c96de7,1777733690484292925,-0.022370536,0.030226856,0.046338968
sensor_gyroscope,59133d35-47ac-4774-a942-af6976c96de7,1777733690504302040,0.0010652636,0.0611195,0.042077914
sensor_gyroscope,59133d35-47ac-4774-a942-af6976c96de7,1777733690524321363,0.13848427,-0.18162745,0.014381059
sensor_gyroscope,59133d35-47ac-4774-a942-af6976c96de7,1777733690544324227,0.24181485,-0.20719378,-0.00585895
sensor_gyroscope,59133d35-47ac-4774-a942-af6976c96de7,1777733690564334592,0.1960085,-0.15712638,-0.02609896
sensor_gyroscope,59133d35-47ac-4774-a942-af6976c96de7,1777733690584353498,0.1640506,-0.14540848,-0.042077914
sensor_gyroscope,59133d35-47ac-4774-a942-af6976c96de7,1777733690604365790,0.18855166,-0.14221269,-0.05273055
sensor_gyroscope,59133d35-47ac-4774-a942-af6976c96de7,1777733690624380217,0.22583589,-0.08695214,-0.06977477
sensor_gyroscope,59133d35-47ac-4774-a942-af6976c96de7,1777733690644374696,0.22050957,-0.026232118,-0.054861076
sensor_gyroscope,59133d35-47ac-4774-a942-af6976c96de7,1777733690664391363,0.15978955,-0.008122635,-0.023968432
sensor_gyroscope,59133d35-47ac-4774-a942-af6976c96de7,1777733690684412457,0.13209268,0.023835273,0.0015978955
sensor_gyroscope,59133d35-47ac-4774-a942-af6976c96de7,1777733690704421832,0.123570584,-0.008122635,0.03142528
sensor_gyroscope,59133d35-47ac-4774-a942-af6976c96de7,1777733690724449384,0.25140223,-0.069907926,-0.002663159
sensor_gyroscope,59133d35-47ac-4774-a942-af6976c96de7,1777733690744435477,0.08841688,0.123970054,0.030360013
sensor_gyroscope,59133d35-47ac-4774-a942-af6976c96de7,1777733690764449332,-0.059654765,0.2603238,0.05592634
sensor_gyroscope,59133d35-47ac-4774-a942-af6976c96de7,1777733690784454384,0.06817687,0.14740586,0.086818986
sensor_gyroscope,59133d35-47ac-4774-a942-af6976c96de7,1777733690804478759,0.2695117,-0.12516847,0.06977477
sensor_gyroscope,59133d35-47ac-4774-a942-af6976c96de7,1777733690824482769,0.25566328,-0.06671213,0.03142528
sensor_gyroscope,59133d35-47ac-4774-a942-af6976c96de7,1777733690844489696,0.005326318,0.0494016,-0.017576851
sensor_gyroscope,59133d35-47ac-4774-a942-af6976c96de7,1777733690864506207,-0.18202692,0.06751108,-0.0047936863
sensor_gyroscope,59133d35-47ac-4774-a942-af6976c96de7,1777733690884514905,-0.09693899,0.06325003,-0.013315796
sensor_gyroscope,59133d35-47ac-4774-a942-af6976c96de7,1777733690904545009,0.017044218,0.012117374,-0.06444845
sensor_gyroscope,59133d35-47ac-4774-a942-af6976c96de7,1777733690924538707,-0.06285056,-0.039015282,-0.048469495
sensor_gyroscope,59133d35-47ac-4774-a942-af6976c96de7,1777733690944546780,-0.18096165,-0.12729901,0.015446323
sensor_gyroscope,59133d35-47ac-4774-a942-af6976c96de7,1777733690964563655,-0.06711161,0.009986847,0.053795815
sensor_gyroscope,59133d35-47ac-4774-a942-af6976c96de7,1777733690984582300,0.16511586,0.056858446,0.035686333
sensor_gyroscope,59133d35-47ac-4774-a942-af6976c96de7,1777733691004590217,0.33449277,0.14953639,0.036751594
sensor_gyroscope,59133d35-47ac-4774-a942-af6976c96de7,1777733691024620165,0.40053913,0.12823111,-0.02609896
sensor_gyroscope,59133d35-47ac-4774-a942-af6976c96de7,1777733691044640373,0.03728423,-0.0017310535,0.0047936863
sensor_gyroscope,59133d35-47ac-4774-a942-af6976c96de7,1777733691064624592,-0.30240172,-0.0017310535,-0.00585895
sensor_gyroscope,59133d35-47ac-4774-a942-af6976c96de7,1777733691084632352,-0.3471428,0.1580585,-0.05273055
sensor_gyroscope,59133d35-47ac-4774-a942-af6976c96de7,1777733691104647613,-0.2640522,0.018508956,-0.03142528
sensor_gyroscope,59133d35-47ac-4774-a942-af6976c96de7,1777733691124686050,-0.17137429,-0.079495296,0.002663159
sensor_gyroscope,59133d35-47ac-4774-a942-af6976c96de7,1777733691144670686,-0.056458972,-0.0326237,-0.0047936863
sensor_gyroscope,59133d35-47ac-4774-a942-af6976c96de7,1777733691164682040,0.12570111,0.058988973,-0.020772642
sensor_gyroscope,59133d35-47ac-4774-a942-af6976c96de7,1777733691184696727,0.33023173,0.09733847,-0.065513715
sensor_gyroscope,59133d35-47ac-4774-a942-af6976c96de7,1777733691204714800,0.25672853,0.23369221,-5.326318E-4
sensor_gyroscope,59133d35-47ac-4774-a942-af6976c96de7,1777733691224710373,0.12996216,0.15912376,0.062317923
sensor_gyroscope,59133d35-47ac-4774-a942-af6976c96de7,1777733691244757925,0.13741902,0.014247901,0.02929475
sensor_gyroscope,59133d35-47ac-4774-a942-af6976c96de7,1777733691264744123,-0.1767006,-0.0326237,0.002663159
sensor_gyroscope,59133d35-47ac-4774-a942-af6976c96de7,1777733691284781415,-0.24274695,0.119709,-0.07297056
sensor_gyroscope,59133d35-47ac-4774-a942-af6976c96de7,1777733691304779280,-0.07989477,-0.005992108,-0.062317923
sensor_gyroscope,59133d35-47ac-4774-a942-af6976c96de7,1777733691324770738,0.092677936,-0.6363619,-0.051665287
sensor_gyroscope,59133d35-47ac-4774-a942-af6976c96de7,1777733691344793082,-0.010652636,-0.43409494,-0.048469495
sensor_gyroscope,59133d35-47ac-4774-a942-af6976c96de7,1777733691364809540,-0.3609912,0.0845553,-0.021837905
sensor_gyroscope,59133d35-47ac-4774-a942-af6976c96de7,1777733691384823967,-0.37270913,0.22730063,-0.009054741
sensor_gyroscope,59133d35-47ac-4774-a942-af6976c96de7,1777733691404835842,-0.19907114,-0.090147935,0.0037284228
sensor_gyroscope,59133d35-47ac-4774-a942-af6976c96de7,1777733691424846884,-0.12237216,-0.29028434,0.006924214
sensor_gyroscope,59133d35-47ac-4774-a942-af6976c96de7,1777733691444862561,-0.1798964,-0.11345058,-0.027164223
sensor_gyroscope,59133d35-47ac-4774-a942-af6976c96de7,1777733691464869852,-0.060720026,0.105860576,-0.039947387
sensor_gyroscope,59133d35-47ac-4774-a942-af6976c96de7,1777733691484885738,0.19068219,0.058988973,-0.03781686
sensor_gyroscope,59133d35-47ac-4774-a942-af6976c96de7,1777733691504896050,0.31212226,0.018508956,-0.023968432
sensor_gyroscope,59133d35-47ac-4774-a942-af6976c96de7,1777733691524886988,0.21731378,-0.08801741,-0.002663159
sensor_gyroscope,59133d35-47ac-4774-a942-af6976c96de7,1777733691544909644,0.15872428,-0.44581282,-0.08255793
sensor_gyroscope,59133d35-47ac-4774-a942-af6976c96de7,1777733691564924800,-0.14367743,0.047271073,-0.00585895
sensor_gyroscope,59133d35-47ac-4774-a942-af6976c96de7,1777733691584935321,-0.25339958,0.26138908,0.046338968
sensor_gyroscope,59133d35-47ac-4774-a942-af6976c96de7,1777733691604931102,0.026631592,0.08562057,0.011185268
sensor_gyroscope,59133d35-47ac-4774-a942-af6976c96de7,1777733691624974384,0.08948214,-0.16671376,-0.022903169
sensor_gyroscope,59133d35-47ac-4774-a942-af6976c96de7,1777733691644959436,-0.15539533,0.052597392,-0.022903169
sensor_gyroscope,59133d35-47ac-4774-a942-af6976c96de7,1777733691664975425,-0.267248,0.22303957,-0.035686333
sensor_gyroscope,59133d35-47ac-4774-a942-af6976c96de7,1777733691684983915,-0.12663321,0.12610058,-0.019707378
sensor_gyroscope,59133d35-47ac-4774-a942-af6976c96de7,1777733691705000321,0.091612674,0.04301002,-0.027164223
sensor_gyroscope,59133d35-47ac-4774-a942-af6976c96de7,1777733691725018759,0.16085482,0.041944757,-0.009054741
sensor_gyroscope,59133d35-47ac-4774-a942-af6976c96de7,1777733691745015946,0.27164224,-0.30093697,-0.03249054
sensor_gyroscope,59133d35-47ac-4774-a942-af6976c96de7,1777733691765032405,0.027696855,0.16018902,0.04314318
sensor_gyroscope,59133d35-47ac-4774-a942-af6976c96de7,1777733691785034748,-0.23209432,0.52011496,0.08149267
sensor_gyroscope,59133d35-47ac-4774-a942-af6976c96de7,1777733691805049592,-0.14367743,0.1697764,0.010120004
sensor_gyroscope,59133d35-47ac-4774-a942-af6976c96de7,1777733691825060686,-0.21291956,-0.33928648,0.012250531
sensor_gyroscope,59133d35-47ac-4774-a942-af6976c96de7,1777733691845069019,-0.28961855,-0.14966954,-0.020772642
sensor_gyroscope,59133d35-47ac-4774-a942-af6976c96de7,1777733691865085894,-0.12450269,0.03448791,-0.030360013
sensor_gyroscope,59133d35-47ac-4774-a942-af6976c96de7,1777733691885108759,0.08735162,-0.028362645,-0.00585895
sensor_gyroscope,59133d35-47ac-4774-a942-af6976c96de7,1777733691905127717,0.12144005,0.023835273,0.018642114
sensor_gyroscope,59133d35-47ac-4774-a942-af6976c96de7,1777733691925115477,0.09906952,0.05792371,0.05273055
sensor_gyroscope,59133d35-47ac-4774-a942-af6976c96de7,1777733691945138602,0.07989477,-0.023036325,0.08255793
sensor_gyroscope,59133d35-47ac-4774-a942-af6976c96de7,1777733691965147665,0.28336012,-0.5342297,-0.022903169
sensor_gyroscope,59133d35-47ac-4774-a942-af6976c96de7,1777733691985152821,0.10972215,0.031292118,0.03781686
sensor_gyroscope,59133d35-47ac-4774-a942-af6976c96de7,1777733692005173186,-0.15965639,0.36258912,0.053795815
sensor_gyroscope,59133d35-47ac-4774-a942-af6976c96de7,1777733692025182665,-0.042610545,0.31784803,0.05273055
sensor_gyroscope,59133d35-47ac-4774-a942-af6976c96de7,1777733692045183186,0.10652637,-0.079495296,0.002663159
sensor_gyroscope,59133d35-47ac-4774-a942-af6976c96de7,1777733692065203967,0.03195791,-0.20293273,-0.012250531
sensor_gyroscope,59133d35-47ac-4774-a942-af6976c96de7,1777733692085217561,-0.23955116,-0.04753739,0.025033696
sensor_gyroscope,59133d35-47ac-4774-a942-af6976c96de7,1777733692105226936,-0.3822965,0.06005424,0.02929475
sensor_gyroscope,59133d35-47ac-4774-a942-af6976c96de7,1777733692125250634,-0.26618275,0.09520794,-0.014381059
sensor_gyroscope,59133d35-47ac-4774-a942-af6976c96de7,1777733692145247248,-0.16924377,-0.07203846,0.015446323
sensor_gyroscope,59133d35-47ac-4774-a942-af6976c96de7,1777733692165265269,-0.22463746,-0.19228008,0.019707378
sensor_gyroscope,59133d35-47ac-4774-a942-af6976c96de7,1777733692185271259,-0.18948378,0.009986847,-5.326318E-4
sensor_gyroscope,59133d35-47ac-4774-a942-af6976c96de7,1777733692205292769,-0.006391582,0.17084165,-5.326318E-4
sensor_gyroscope,59133d35-47ac-4774-a942-af6976c96de7,1777733692225299592,0.2609896,0.13355742,0.022903169
sensor_gyroscope,59133d35-47ac-4774-a942-af6976c96de7,1777733692245304436,0.29720855,-0.037950017,0.011185268
sensor_gyroscope,59133d35-47ac-4774-a942-af6976c96de7,1777733692265323186,-0.07882951,0.017443692,-0.0015978955
sensor_gyroscope,59133d35-47ac-4774-a942-af6976c96de7,1777733692285330634,-0.20120168,0.16445008,-0.03249054
sensor_gyroscope,59133d35-47ac-4774-a942-af6976c96de7,1777733692305346675,-0.1054611,-0.0070573715,-0.02609896
sensor_gyroscope,59133d35-47ac-4774-a942-af6976c96de7,1777733692325358290,-0.109588996,-0.10066742,0.015446323
sensor_gyroscope,59133d35-47ac-4774-a942-af6976c96de7,1777733692345371780,-0.15965639,-0.002796317,0.023968432
sensor_gyroscope,59133d35-47ac-4774-a942-af6976c96de7,1777733692365380634,-0.07243793,0.08349004,-0.019707378
sensor_gyroscope,59133d35-47ac-4774-a942-af6976c96de7,1777733692385389175,0.070307404,0.15912376,-0.010120004
sensor_gyroscope,59133d35-47ac-4774-a942-af6976c96de7,1777733692405420946,0.20240009,0.24434485,-0.00585895
sensor_gyroscope,59133d35-47ac-4774-a942-af6976c96de7,1777733692425426675,0.25246748,0.27097642,0.011185268
sensor_gyroscope,59133d35-47ac-4774-a942-af6976c96de7,1777733692445420738,0.23009695,-0.051798444,-5.326318E-4
sensor_gyroscope,59133d35-47ac-4774-a942-af6976c96de7,1777733692465433967,-0.12450269,-0.019840535,0.0015978955
sensor_gyroscope,59133d35-47ac-4774-a942-af6976c96de7,1777733692485444905,-0.23635536,0.23475747,-0.02609896
sensor_gyroscope,59133d35-47ac-4774-a942-af6976c96de7,1777733692505458655,0.026631592,0.08988162,-0.02609896
sensor_gyroscope,59133d35-47ac-4774-a942-af6976c96de7,1777733692525474540,0.20879167,-0.13156006,0.002663159
sensor_gyroscope,59133d35-47ac-4774-a942-af6976c96de7,1777733692545478030,0.1640506,0.09840373,0.036751594
sensor_gyroscope,59133d35-47ac-4774-a942-af6976c96de7,1777733692565491675,0.20559588,0.21984379,0.002663159
sensor_gyroscope,59133d35-47ac-4774-a942-af6976c96de7,1777733692585510009,0.2631201,0.35939333,-0.009054741
sensor_gyroscope,59133d35-47ac-4774-a942-af6976c96de7,1777733692605531571,0.28122962,0.25819328,-0.007989477
sensor_gyroscope,59133d35-47ac-4774-a942-af6976c96de7,1777733692625536884,0.35579807,-0.008122635,-0.015446323
sensor_gyroscope,59133d35-47ac-4774-a942-af6976c96de7,1777733692645550425,-0.11917637,-0.08269109,0.022903169
sensor_gyroscope,59133d35-47ac-4774-a942-af6976c96de7,1777733692665559384,-0.29920593,0.11012163,-0.035686333
sensor_gyroscope,59133d35-47ac-4774-a942-af6976c96de7,1777733692685570686,-0.08841688,-0.11345058,-0.03781686
sensor_gyroscope,59133d35-47ac-4774-a942-af6976c96de7,1777733692705590477,0.03302317,-0.36272228,0.020772642
sensor_gyroscope,59133d35-47ac-4774-a942-af6976c96de7,1777733692725598394,-0.056458972,-0.20612851,0.108124256
sensor_gyroscope,59133d35-47ac-4774-a942-af6976c96de7,1777733692745613915,-0.28322697,0.012117374,0.1782985
sensor_gyroscope,59133d35-47ac-4774-a942-af6976c96de7,1777733692765622561,-0.027696855,0.05472792,0.12610058
sensor_gyroscope,59133d35-47ac-4774-a942-af6976c96de7,1777733692785630790,0.3664507,-0.009187899,0.028229486
sensor_gyroscope,59133d35-47ac-4774-a942-af6976c96de7,1777733692805641727,0.3685812,0.080294244,0.007989477
sensor_gyroscope,59133d35-47ac-4774-a942-af6976c96de7,1777733692825665217,0.15020217,-0.08482162,-0.019707378
sensor_gyroscope,59133d35-47ac-4774-a942-af6976c96de7,1777733692845668915,-0.27790067,-0.13901691,0.028229486
sensor_gyroscope,59133d35-47ac-4774-a942-af6976c96de7,1777733692865675217,-0.38868806,-0.008122635,0.009054741
sensor_gyroscope,59133d35-47ac-4774-a942-af6976c96de7,1777733692885680790,-0.4174502,-0.16777903,-0.017576851
sensor_gyroscope,59133d35-47ac-4774-a942-af6976c96de7,1777733692905705477,-0.7528751,-0.2359559,0.0047936863
sensor_gyroscope,59133d35-47ac-4774-a942-af6976c96de7,1777733692925698394,-0.93183935,-0.18482324,0.065513715
sensor_gyroscope,59133d35-47ac-4774-a942-af6976c96de7,1777733692945719748,-0.55699974,-0.0677774,0.047404233
sensor_gyroscope,59133d35-47ac-4774-a942-af6976c96de7,1777733692965725946,0.09054741,0.06964161,0.017576851
sensor_gyroscope,59133d35-47ac-4774-a942-af6976c96de7,1777733692985741207,0.50054073,0.021704746,-0.065513715
sensor_gyroscope,59133d35-47ac-4774-a942-af6976c96de7,1777733693005753394,0.1523327,-0.16458324,-0.010120004
sensor_gyroscope,59133d35-47ac-4774-a942-af6976c96de7,1777733693025795738,-0.18522272,0.0046605286,-0.039947387
sensor_gyroscope,59133d35-47ac-4774-a942-af6976c96de7,1777733693045776988,-0.09693899,0.08988162,-0.07190529
sensor_gyroscope,59133d35-47ac-4774-a942-af6976c96de7,1777733693065785738,-0.13622059,0.017443692,0.009054741
sensor_gyroscope,59133d35-47ac-4774-a942-af6976c96de7,1777733693085798811,-0.26298696,-0.22530326,0.03781686
sensor_gyroscope,59133d35-47ac-4774-a942-af6976c96de7,1777733693105804644,0.03728423,-0.21465063,-0.07829688
sensor_gyroscope,59133d35-47ac-4774-a942-af6976c96de7,1777733693125840009,0.42397493,0.16445008,-0.14008217
sensor_gyroscope,59133d35-47ac-4774-a942-af6976c96de7,1777733693145836884,0.4344944,0.42011335,-0.030360013
sensor_gyroscope,59133d35-47ac-4774-a942-af6976c96de7,1777733693165836832,0.54102075,0.45832968,0.05273055
sensor_gyroscope,59133d35-47ac-4774-a942-af6976c96de7,1777733693185853863,0.51438916,0.005725792,0.027164223
sensor_gyroscope,59133d35-47ac-4774-a942-af6976c96de7,1777733693205877873,-0.09587373,0.13994901,0.009054741
sensor_gyroscope,59133d35-47ac-4774-a942-af6976c96de7,1777733693225881050,-0.19267955,0.5637908,-0.051665287
sensor_gyroscope,59133d35-47ac-4774-a942-af6976c96de7,1777733693245918655,0.15872428,0.26884592,-0.028229486
sensor_gyroscope,59133d35-47ac-4774-a942-af6976c96de7,1777733693265893186,0.37816858,-0.16245271,0.035686333
sensor_gyroscope,59133d35-47ac-4774-a942-af6976c96de7,1777733693285913967,0.32170963,0.01105211,0.007989477
sensor_gyroscope,59133d35-47ac-4774-a942-af6976c96de7,1777733693305930269,0.16937692,0.2251701,-0.03888212
sensor_gyroscope,59133d35-47ac-4774-a942-af6976c96de7,1777733693325938290,0.13954954,0.2837596,-0.019707378
sensor_gyroscope,59133d35-47ac-4774-a942-af6976c96de7,1777733693345942717,0.27696854,0.16231954,0.00585895
sensor_gyroscope,59133d35-47ac-4774-a942-af6976c96de7,1777733693365979227,0.26205486,-0.2711096,-0.033555806
sensor_gyroscope,59133d35-47ac-4774-a942-af6976c96de7,1777733693385976780,-0.23315959,0.10692584,-0.012250531
sensor_gyroscope,59133d35-47ac-4774-a942-af6976c96de7,1777733693405989644,-0.2416817,0.19214693,-0.042077914
sensor_gyroscope,59133d35-47ac-4774-a942-af6976c96de7,1777733693426013498,-0.07456846,-0.16245271,0.0037284228
sensor_gyroscope,59133d35-47ac-4774-a942-af6976c96de7,1777733693446010165,-0.11171953,-0.32224226,0.075101085
sensor_gyroscope,59133d35-47ac-4774-a942-af6976c96de7,1777733693466020946,-0.18415745,0.0611195,0.11025479
sensor_gyroscope,59133d35-47ac-4774-a942-af6976c96de7,1777733693486026623,0.14274533,0.035553172,-0.012250531
sensor_gyroscope,59133d35-47ac-4774-a942-af6976c96de7,1777733693506043342,0.3834949,-0.016644744,-0.07190529
sensor_gyroscope,59133d35-47ac-4774-a942-af6976c96de7,1777733693526045738,0.3281012,0.014247901,-0.07084003
sensor_gyroscope,59133d35-47ac-4774-a942-af6976c96de7,1777733693546062873,0.013848428,-0.22956431,0.0015978955
sensor_gyroscope,59133d35-47ac-4774-a942-af6976c96de7,1777733693566071727,-0.25766066,-0.0326237,0.02609896
sensor_gyroscope,59133d35-47ac-4774-a942-af6976c96de7,1777733693586084644,-0.17137429,0.08349004,0.0015978955
sensor_gyroscope,59133d35-47ac-4774-a942-af6976c96de7,1777733693606098811,0.0585895,-0.051798444,0.030360013
sensor_gyroscope,59133d35-47ac-4774-a942-af6976c96de7,1777733693626128863,0.18322535,-0.15286534,0.05592634
sensor_gyroscope,59133d35-47ac-4774-a942-af6976c96de7,1777733693646147613,0.1842906,-0.08695214,0.013315796
sensor_gyroscope,59133d35-47ac-4774-a942-af6976c96de7,1777733693666126363,0.2663159,0.0494016,-0.010120004
sensor_gyroscope,59133d35-47ac-4774-a942-af6976c96de7,1777733693686140946,0.14487585,0.34661016,0.06444845
sensor_gyroscope,59133d35-47ac-4774-a942-af6976c96de7,1777733693706153394,0.112917945,0.57124764,0.13568796
sensor_gyroscope,59133d35-47ac-4774-a942-af6976c96de7,1777733693726183811,0.16618113,0.49774444,0.1155811
sensor_gyroscope,59133d35-47ac-4774-a942-af6976c96de7,1777733693746174696,0.1992043,0.08349004,0.036751594
sensor_gyroscope,59133d35-47ac-4774-a942-af6976c96de7,1777733693766186363,-0.030892646,-0.37017912,-0.050600022
sensor_gyroscope,59133d35-47ac-4774-a942-af6976c96de7,1777733693786202196,-0.3876228,-0.033688962,-0.11771163
sensor_gyroscope,59133d35-47ac-4774-a942-af6976c96de7,1777733693806210061,-0.39294913,-0.0560595,-0.16564849
sensor_gyroscope,59133d35-47ac-4774-a942-af6976c96de7,1777733693826248342,-0.38016596,-0.3968107,-0.08255793
sensor_gyroscope,59133d35-47ac-4774-a942-af6976c96de7,1777733693846237717,-0.49414918,-0.43835598,0.022903169
sensor_gyroscope,59133d35-47ac-4774-a942-af6976c96de7,1777733693866259852,-0.36844805,-0.13901691,0.02609896
sensor_gyroscope,59133d35-47ac-4774-a942-af6976c96de7,1777733693886275477,0.014913691,-0.06671213,-0.033555806
sensor_gyroscope,59133d35-47ac-4774-a942-af6976c96de7,1777733693906284852,0.28442538,0.038748965,-0.03249054
sensor_gyroscope,59133d35-47ac-4774-a942-af6976c96de7,1777733693926292040,0.28016433,0.092012145,-0.012250531
sensor_gyroscope,59133d35-47ac-4774-a942-af6976c96de7,1777733693946315842,0.27483803,3.9947388E-4,-0.046338968
sensor_gyroscope,59133d35-47ac-4774-a942-af6976c96de7,1777733693966317613,-0.11704584,-0.17310534,-0.0047936863
sensor_gyroscope,59133d35-47ac-4774-a942-af6976c96de7,1777733693986324175,-0.31305435,-0.045406863,-0.022903169
sensor_gyroscope,59133d35-47ac-4774-a942-af6976c96de7,1777733694006339800,-0.04474107,-0.097471625,-0.033555806
sensor_gyroscope,59133d35-47ac-4774-a942-af6976c96de7,1777733694026351832,0.036218964,-0.3531349,0.012250531
sensor_gyroscope,59133d35-47ac-4774-a942-af6976c96de7,1777733694046374905,-0.30240172,-0.32437277,0.08255793
sensor_gyroscope,59133d35-47ac-4774-a942-af6976c96de7,1777733694066378082,-0.3141196,-0.08908267,0.08894952
sensor_gyroscope,59133d35-47ac-4774-a942-af6976c96de7,1777733694086384332,0.06498108,-0.014514217,0.050600022
sensor_gyroscope,59133d35-47ac-4774-a942-af6976c96de7,1777733694106401050,0.4154528,0.17510271,0.021837905
sensor_gyroscope,59133d35-47ac-4774-a942-af6976c96de7,1777733694126407561,0.43662494,0.06644582,-0.042077914
sensor_gyroscope,59133d35-47ac-4774-a942-af6976c96de7,1777733694146429019,-0.06391582,-0.14647375,-0.020772642
sensor_gyroscope,59133d35-47ac-4774-a942-af6976c96de7,1777733694166418550,-0.35673016,0.012117374,-0.04314318
sensor_gyroscope,59133d35-47ac-4774-a942-af6976c96de7,1777733694186430582,-0.025566328,0.12929638,-0.054861076
sensor_gyroscope,59133d35-47ac-4774-a942-af6976c96de7,1777733694206444436,0.20240009,-0.24660853,-0.015446323
sensor_gyroscope,59133d35-47ac-4774-a942-af6976c96de7,1777733694226481988,0.0042610546,-0.2210422,0.014381059
sensor_gyroscope,59133d35-47ac-4774-a942-af6976c96de7,1777733694246480946,-0.005326318,0.029161593,0.010120004
sensor_gyroscope,59133d35-47ac-4774-a942-af6976c96de7,1777733694266481102,0.21624851,-0.009187899,-0.013315796
sensor_gyroscope,59133d35-47ac-4774-a942-af6976c96de7,1777733694286494071,0.33129698,0.10053425,-0.03142528
sensor_gyroscope,59133d35-47ac-4774-a942-af6976c96de7,1777733694306510061,-0.005326318,-0.092278466,-0.036751594
sensor_gyroscope,59133d35-47ac-4774-a942-af6976c96de7,1777733694326513550,-0.34288174,0.005725792,-0.009054741
sensor_gyroscope,59133d35-47ac-4774-a942-af6976c96de7,1777733694346522925,-0.070307404,-0.11025479,-0.085753724
sensor_gyroscope,59133d35-47ac-4774-a942-af6976c96de7,1777733694366539175,-0.0234358,-0.10173268,-0.02609896
sensor_gyroscope,59133d35-47ac-4774-a942-af6976c96de7,1777733694386554436,-0.109588996,0.008921583,0.05273055
sensor_gyroscope,59133d35-47ac-4774-a942-af6976c96de7,1777733694406570686,0.08735162,0.033422645,0.07084003
sensor_gyroscope,59133d35-47ac-4774-a942-af6976c96de7,1777733694426586155,0.31851384,-0.097471625,0.060187396
sensor_gyroscope,59133d35-47ac-4774-a942-af6976c96de7,1777733694446587457,0.28762117,0.015313165,0.06870951
sensor_gyroscope,59133d35-47ac-4774-a942-af6976c96de7,1777733694466593707,0.14700638,0.2400838,0.08255793
sensor_gyroscope,59133d35-47ac-4774-a942-af6976c96de7,1777733694486608967,0.20453063,0.43822283,0.09321057
sensor_gyroscope,59133d35-47ac-4774-a942-af6976c96de7,1777733694506618602,0.37710333,0.6255761,0.10173268
sensor_gyroscope,59133d35-47ac-4774-a942-af6976c96de7,1777733694526632769,0.501606,0.6713824,0.12183953
sensor_gyroscope,59133d35-47ac-4774-a942-af6976c96de7,1777733694546645998,0.6006755,0.60214025,0.10173268
sensor_gyroscope,59133d35-47ac-4774-a942-af6976c96de7,1777733694566650998,0.75513875,-0.1155811,0.09640636
sensor_gyroscope,59133d35-47ac-4774-a942-af6976c96de7,1777733694586662977,0.6336987,0.2134522,0.09427583
sensor_gyroscope,59133d35-47ac-4774-a942-af6976c96de7,1777733694606675946,0.020240009,0.7502119,0.12503532
sensor_gyroscope,59133d35-47ac-4774-a942-af6976c96de7,1777733694626697613,-0.38549227,1.0696578,0.14527532
sensor_gyroscope,59133d35-47ac-4774-a942-af6976c96de7,1777733694646695998,-0.3705786,0.55633396,0.08149267
sensor_gyroscope,59133d35-47ac-4774-a942-af6976c96de7,1777733694666717821,-0.3109238,-0.5214465,0.03142528
sensor_gyroscope,59133d35-47ac-4774-a942-af6976c96de7,1777733694686721727,-0.517585,-0.6141245,-0.17310534
sensor_gyroscope,59133d35-47ac-4774-a942-af6976c96de7,1777733694706730113,-0.63050294,-0.6608629,-0.43822283
sensor_gyroscope,59133d35-47ac-4774-a942-af6976c96de7,1777733694726745998,-0.667654,-0.90693885,-0.37550545
sensor_gyroscope,59133d35-47ac-4774-a942-af6976c96de7,1777733694746767144,-0.8114646,-1.0177263,-0.2593917
sensor_gyroscope,59133d35-47ac-4774-a942-af6976c96de7,1777733694766783655,-0.9755152,-0.7993472,-0.17310534
sensor_gyroscope,59133d35-47ac-4774-a942-af6976c96de7,1777733694786786155,-0.69854665,-0.50227183,-0.15286534
sensor_gyroscope,59133d35-47ac-4774-a942-af6976c96de7,1777733694806795477,-0.1681785,-0.27004433,-0.09108004
sensor_gyroscope,59133d35-47ac-4774-a942-af6976c96de7,1777733694826826675,0.24181485,-0.15925692,-0.028229486
sensor_gyroscope,59133d35-47ac-4774-a942-af6976c96de7,1777733694846818186,0.41971388,-0.060320552,0.00585895
sensor_gyroscope,59133d35-47ac-4774-a942-af6976c96de7,1777733694866828498,0.5133239,-0.13156006,-0.06657898
sensor_gyroscope,59133d35-47ac-4774-a942-af6976c96de7,1777733694886842248,0.024501063,0.08988162,-0.018642114
sensor_gyroscope,59133d35-47ac-4774-a942-af6976c96de7,1777733694906867457,-0.2640522,0.2134522,-0.021837905
sensor_gyroscope,59133d35-47ac-4774-a942-af6976c96de7,1777733694926891988,-0.17243955,0.08349004,-0.017576851
sensor_gyroscope,59133d35-47ac-4774-a942-af6976c96de7,1777733694946881988,-0.05006739,-0.19121483,0.016511586
sensor_gyroscope,59133d35-47ac-4774-a942-af6976c96de7,1777733694966896675,-0.09800425,-0.16990955,-0.006924214
sensor_gyroscope,59133d35-47ac-4774-a942-af6976c96de7,1777733694986903967,-0.17350481,-0.11664637,-0.03249054
sensor_gyroscope,59133d35-47ac-4774-a942-af6976c96de7,1777733695006918863,-0.15965639,-0.08269109,-0.03249054
sensor_gyroscope,59133d35-47ac-4774-a942-af6976c96de7,1777733695026949540,-0.18096165,-0.021971062,0.007989477
sensor_gyroscope,59133d35-47ac-4774-a942-af6976c96de7,1777733695046937040,-0.14261217,0.0014647375,0.007989477
sensor_gyroscope,59133d35-47ac-4774-a942-af6976c96de7,1777733695066957092,0.026631592,-0.03581949,-0.06657898
sensor_gyroscope,59133d35-47ac-4774-a942-af6976c96de7,1777733695086956415,0.09587373,-0.013448954,-0.07084003
sensor_gyroscope,59133d35-47ac-4774-a942-af6976c96de7,1777733695106971727,0.035153702,0.0035952649,-0.022903169
sensor_gyroscope,59133d35-47ac-4774-a942-af6976c96de7,1777733695126984175,0.0042610546,-0.028362645,0.014381059
sensor_gyroscope,59133d35-47ac-4774-a942-af6976c96de7,1777733695146998602,-0.015978955,-0.0560595,0.027164223
sensor_gyroscope,59133d35-47ac-4774-a942-af6976c96de7,1777733695167022144,-0.027696855,-0.078430034,0.027164223
sensor_gyroscope,59133d35-47ac-4774-a942-af6976c96de7,1777733695187032821,0.047936864,-0.107058994,0.036751594
sensor_gyroscope,59133d35-47ac-4774-a942-af6976c96de7,1777733695207045998,0.19707377,-0.18482324,0.009054741
sensor_gyroscope,59133d35-47ac-4774-a942-af6976c96de7,1777733695227055425,0.37284228,-0.38722333,-0.018642114
sensor_gyroscope,59133d35-47ac-4774-a942-af6976c96de7,1777733695247066936,0.5293029,-0.6194508,-0.046338968
sensor_gyroscope,59133d35-47ac-4774-a942-af6976c96de7,1777733695267093342,0.58150077,-0.9080041,-0.11984216
sensor_gyroscope,59133d35-47ac-4774-a942-af6976c96de7,1777733695287095165,0.5090629,-1.0603368,-0.15393059
sensor_gyroscope,59133d35-47ac-4774-a942-af6976c96de7,1777733695307099696,0.36538544,-0.98470306,-0.17736639
sensor_gyroscope,59133d35-47ac-4774-a942-af6976c96de7,1777733695327124071,0.27696854,-0.72797453,-0.16032217
sensor_gyroscope,59133d35-47ac-4774-a942-af6976c96de7,1777733695347125738,0.22370537,-0.35526544,-0.13369058
sensor_gyroscope,59133d35-47ac-4774-a942-af6976c96de7,1777733695367127769,0.20453063,-0.13688637,-0.08362319
sensor_gyroscope,59133d35-47ac-4774-a942-af6976c96de7,1777733695387148759,0.07350319,0.04087949,-0.06125266
sensor_gyroscope,59133d35-47ac-4774-a942-af6976c96de7,1777733695407158446,-0.2619217,0.42863545,5.326318E-4
sensor_gyroscope,59133d35-47ac-4774-a942-af6976c96de7,1777733695427185634,-0.45366916,0.6340982,0.063383184
sensor_gyroscope,59133d35-47ac-4774-a942-af6976c96de7,1777733695447163863,-0.38336176,0.62238026,0.07936214
sensor_gyroscope,59133d35-47ac-4774-a942-af6976c96de7,1777733695467178655,-0.20013641,0.31784803,0.062317923
sensor_gyroscope,59133d35-47ac-4774-a942-af6976c96de7,1777733695487189123,-0.0585895,0.08775109,0.034621067
sensor_gyroscope,59133d35-47ac-4774-a942-af6976c96de7,1777733695507206727,-0.054328445,0.17510271,0.012250531
sensor_gyroscope,59133d35-47ac-4774-a942-af6976c96de7,1777733695527218186,-0.010652636,0.43396178,-0.017576851
sensor_gyroscope,59133d35-47ac-4774-a942-af6976c96de7,1777733695547234280,0.10226531,0.39135122,-0.025033696
sensor_gyroscope,59133d35-47ac-4774-a942-af6976c96de7,1777733695567247300,0.29507804,0.19640799,-0.033555806
sensor_gyroscope,59133d35-47ac-4774-a942-af6976c96de7,1777733695587247092,0.39734334,-0.18801904,0.002663159
sensor_gyroscope,59133d35-47ac-4774-a942-af6976c96de7,1777733695607261571,0.3600591,-0.32011172,-0.013315796
sensor_gyroscope,59133d35-47ac-4774-a942-af6976c96de7,1777733695627277352,-0.027696855,0.06325003,0.011185268
sensor_gyroscope,59133d35-47ac-4774-a942-af6976c96de7,1777733695647283707,-0.18735324,0.1782985,0.012250531
sensor_gyroscope,59133d35-47ac-4774-a942-af6976c96de7,1777733695667292925,-0.08415583,-0.11984216,-0.00585895
sensor_gyroscope,59133d35-47ac-4774-a942-af6976c96de7,1777733695687311623,-0.07776424,-0.15073481,-0.022903169
sensor_gyroscope,59133d35-47ac-4774-a942-af6976c96de7,1777733695707317665,-0.11917637,0.06751108,-0.013315796
sensor_gyroscope,59133d35-47ac-4774-a942-af6976c96de7,1777733695727341988,0.020240009,0.06751108,0.00585895
sensor_gyroscope,59133d35-47ac-4774-a942-af6976c96de7,1777733695747352665,0.19813904,0.06325003,0.0047936863
sensor_gyroscope,59133d35-47ac-4774-a942-af6976c96de7,1777733695767369384,0.1960085,0.104795314,0.011185268
sensor_gyroscope,59133d35-47ac-4774-a942-af6976c96de7,1777733695787364280,0.1288969,-0.026232118,-0.002663159
sensor_gyroscope,59133d35-47ac-4774-a942-af6976c96de7,1777733695807374280,0.018109482,-0.058190025,-0.014381059
sensor_gyroscope,59133d35-47ac-4774-a942-af6976c96de7,1777733695827400790,-0.3151849,0.1782985,0.04314318
sensor_gyroscope,59133d35-47ac-4774-a942-af6976c96de7,1777733695847428811,-0.46325654,0.4700476,0.09853689
sensor_gyroscope,59133d35-47ac-4774-a942-af6976c96de7,1777733695867419905,-0.42490703,0.18575534,0.07297056
sensor_gyroscope,59133d35-47ac-4774-a942-af6976c96de7,1777733695887425842,-0.4579302,0.005725792,0.046338968
sensor_gyroscope,59133d35-47ac-4774-a942-af6976c96de7,1777733695907451571,-0.5335639,0.17616798,0.048469495
sensor_gyroscope,59133d35-47ac-4774-a942-af6976c96de7,1777733695927441727,-0.39614493,0.38176385,0.027164223
sensor_gyroscope,59133d35-47ac-4774-a942-af6976c96de7,1777733695947468863,-0.1681785,0.28802067,0.065513715
sensor_gyroscope,59133d35-47ac-4774-a942-af6976c96de7,1777733695967474957,0.0074568456,0.115447946,0.086818986
sensor_gyroscope,59133d35-47ac-4774-a942-af6976c96de7,1777733695987486155,0.040480018,0.13568796,0.065513715
sensor_gyroscope,59133d35-47ac-4774-a942-af6976c96de7,1777733696007490686,0.06498108,-0.29774117,0.034621067
sensor_gyroscope,59133d35-47ac-4774-a942-af6976c96de7,1777733696027517561,0.13741902,-0.20080219,-0.028229486
sensor_gyroscope,59133d35-47ac-4774-a942-af6976c96de7,1777733696047513602,-0.101200044,0.27097642,-0.0047936863
sensor_gyroscope,59133d35-47ac-4774-a942-af6976c96de7,1777733696067530165,-0.121306896,0.3892207,0.018642114
sensor_gyroscope,59133d35-47ac-4774-a942-af6976c96de7,1777733696087547717,-0.030892646,-0.030493172,0.019707378
sensor_gyroscope,59133d35-47ac-4774-a942-af6976c96de7,1777733696107554227,-0.12876374,-0.14434323,0.027164223
sensor_gyroscope,59133d35-47ac-4774-a942-af6976c96de7,1777733696127594540,-0.23635536,-0.11345058,-0.007989477
sensor_gyroscope,59133d35-47ac-4774-a942-af6976c96de7,1777733696147575165,-0.08735162,0.1431448,-0.053795815
sensor_gyroscope,59133d35-47ac-4774-a942-af6976c96de7,1777733696167592925,0.2311622,0.20599535,-0.030360013
sensor_gyroscope,59133d35-47ac-4774-a942-af6976c96de7,1777733696187613394,0.3888212,0.01105211,0.011185268
sensor_gyroscope,59133d35-47ac-4774-a942-af6976c96de7,1777733696207615634,0.34727594,-0.092278466,0.017576851
sensor_gyroscope,59133d35-47ac-4774-a942-af6976c96de7,1777733696227640530,0.19707377,-0.19334535,-0.006924214
sensor_gyroscope,59133d35-47ac-4774-a942-af6976c96de7,1777733696247635217,0.3163833,-0.18908429,-0.08255793
sensor_gyroscope,59133d35-47ac-4774-a942-af6976c96de7,1777733696267656988,0.053263184,0.27630275,0.011185268
sensor_gyroscope,59133d35-47ac-4774-a942-af6976c96de7,1777733696287675217,-0.071372665,0.58509606,0.09321057
sensor_gyroscope,59133d35-47ac-4774-a942-af6976c96de7,1777733696307668290,0.05219792,0.29654276,0.11771163
sensor_gyroscope,59133d35-47ac-4774-a942-af6976c96de7,1777733696327680998,0.19068219,-0.13262533,0.022903169
sensor_gyroscope,59133d35-47ac-4774-a942-af6976c96de7,1777733696347688863,-0.0585895,0.03448791,0.022903169
sensor_gyroscope,59133d35-47ac-4774-a942-af6976c96de7,1777733696367696936,-0.05219792,0.21984379,0.017576851
sensor_gyroscope,59133d35-47ac-4774-a942-af6976c96de7,1777733696387712509,0.15552849,0.015313165,0.05273055
sensor_gyroscope,59133d35-47ac-4774-a942-af6976c96de7,1777733696407735009,0.29720855,-0.07416898,0.1431448
sensor_gyroscope,59133d35-47ac-4774-a942-af6976c96de7,1777733696427750217,0.083090566,0.005725792,0.22730063
sensor_gyroscope,59133d35-47ac-4774-a942-af6976c96de7,1777733696447780269,-0.23529011,0.21771325,0.27630275
sensor_gyroscope,59133d35-47ac-4774-a942-af6976c96de7,1777733696467777613,0.009587373,0.15379743,0.14847112
sensor_gyroscope,59133d35-47ac-4774-a942-af6976c96de7,1777733696487789905,0.34514543,0.3423491,0.12503532
sensor_gyroscope,59133d35-47ac-4774-a942-af6976c96de7,1777733696507802613,0.49947548,0.33276173,0.09321057
sensor_gyroscope,59133d35-47ac-4774-a942-af6976c96de7,1777733696527806102,0.4643218,0.09094688,-0.028229486
sensor_gyroscope,59133d35-47ac-4774-a942-af6976c96de7,1777733696547816415,-0.1415469,-0.28176224,-0.017576851
sensor_gyroscope,59133d35-47ac-4774-a942-af6976c96de7,1777733696567830998,-0.5431513,0.2134522,-0.085753724
sensor_gyroscope,59133d35-47ac-4774-a942-af6976c96de7,1777733696587844332,-0.42703757,0.14527532,-0.15180007
sensor_gyroscope,59133d35-47ac-4774-a942-af6976c96de7,1777733696607848550,-0.19694062,-0.18269272,-0.06977477
sensor_gyroscope,59133d35-47ac-4774-a942-af6976c96de7,1777733696627864905,-0.07243793,-0.21997695,-0.030360013
sensor_gyroscope,59133d35-47ac-4774-a942-af6976c96de7,1777733696647873811,0.09054741,0.014247901,-0.033555806
sensor_gyroscope,59133d35-47ac-4774-a942-af6976c96de7,1777733696667891832,0.32064435,0.11225215,-0.04314318
sensor_gyroscope,59133d35-47ac-4774-a942-af6976c96de7,1777733696687903498,0.37603807,0.19960378,-0.00585895
sensor_gyroscope,59133d35-47ac-4774-a942-af6976c96de7,1777733696707918655,0.23648852,0.1580585,0.07616635
sensor_gyroscope,59133d35-47ac-4774-a942-af6976c96de7,1777733696727920217,0.14061481,0.16551533,0.075101085
sensor_gyroscope,59133d35-47ac-4774-a942-af6976c96de7,1777733696747923655,0.09587373,-0.043276336,-0.010120004
sensor_gyroscope,59133d35-47ac-4774-a942-af6976c96de7,1777733696767939332,-0.14580797,-0.005992108,0.002663159
sensor_gyroscope,59133d35-47ac-4774-a942-af6976c96de7,1777733696787976780,-0.11704584,0.07922898,-0.04420844
sensor_gyroscope,59133d35-47ac-4774-a942-af6976c96de7,1777733696807959748,0.006391582,-0.12410321,-0.018642114
sensor_gyroscope,59133d35-47ac-4774-a942-af6976c96de7,1777733696827974280,-0.0234358,-0.32437277,0.009054741
sensor_gyroscope,59133d35-47ac-4774-a942-af6976c96de7,1777733696847977352,-0.17137429,-0.16032217,-0.011185268
sensor_gyroscope,59133d35-47ac-4774-a942-af6976c96de7,1777733696867990217,-0.22889853,0.17297219,0.025033696
sensor_gyroscope,59133d35-47ac-4774-a942-af6976c96de7,1777733696888014436,0.045806337,0.22410484,-0.015446323
sensor_gyroscope,59133d35-47ac-4774-a942-af6976c96de7,1777733696908030009,0.14700638,0.06431529,-0.036751594
sensor_gyroscope,59133d35-47ac-4774-a942-af6976c96de7,1777733696928032873,0.0,0.044075284,-0.0037284228
sensor_gyroscope,59133d35-47ac-4774-a942-af6976c96de7,1777733696948050790,-0.09587373,-0.0049268445,0.002663159
sensor_gyroscope,59133d35-47ac-4774-a942-af6976c96de7,1777733696968065946,-0.101200044,-0.0070573715,-0.0015978955
sensor_gyroscope,59133d35-47ac-4774-a942-af6976c96de7,1777733696988081363,0.014913691,-0.01238369,0.007989477
sensor_gyroscope,59133d35-47ac-4774-a942-af6976c96de7,1777733697008080634,0.071372665,-0.068842664,-0.02609896
sensor_gyroscope,59133d35-47ac-4774-a942-af6976c96de7,1777733697028100009,0.014913691,-0.023036325,-0.051665287
sensor_gyroscope,59133d35-47ac-4774-a942-af6976c96de7,1777733697048115686,-0.025566328,0.0067910557,-0.04953476
sensor_gyroscope,59133d35-47ac-4774-a942-af6976c96de7,1777733697068114696,-0.03728423,-0.040080544,-0.021837905
sensor_gyroscope,59133d35-47ac-4774-a942-af6976c96de7,1777733697088130373,-0.057524238,-0.05925529,5.326318E-4
sensor_gyroscope,59133d35-47ac-4774-a942-af6976c96de7,1777733697108136832,0.017044218,-0.045406863,-0.017576851
sensor_gyroscope,59133d35-47ac-4774-a942-af6976c96de7,1777733697128147873,0.07350319,0.005725792,-0.02609896
sensor_gyroscope,59133d35-47ac-4774-a942-af6976c96de7,1777733697148174540,0.071372665,0.06857634,-0.012250531
sensor_gyroscope,59133d35-47ac-4774-a942-af6976c96de7,1777733697168180061,0.045806337,0.037683703,0.007989477
sensor_gyroscope,59133d35-47ac-4774-a942-af6976c96de7,1777733697188187352,0.0042610546,0.017443692,0.012250531
sensor_gyroscope,59133d35-47ac-4774-a942-af6976c96de7,1777733697208199696,0.07456846,-0.049667917,-0.012250531
sensor_gyroscope,59133d35-47ac-4774-a942-af6976c96de7,1777733697228215009,0.071372665,0.16445008,0.027164223
sensor_gyroscope,59133d35-47ac-4774-a942-af6976c96de7,1777733697248215582,0.035153702,0.24114905,0.060187396
sensor_gyroscope,59133d35-47ac-4774-a942-af6976c96de7,1777733697268231884,0.06391582,0.21132168,0.06977477
sensor_gyroscope,59133d35-47ac-4774-a942-af6976c96de7,1777733697288241832,0.12996216,0.072837405,0.042077914
sensor_gyroscope,59133d35-47ac-4774-a942-af6976c96de7,1777733697308260269,0.05006739,-0.18375798,-0.025033696
sensor_gyroscope,59133d35-47ac-4774-a942-af6976c96de7,1777733697328272144,-0.26298696,0.015313165,-0.04953476
sensor_gyroscope,59133d35-47ac-4774-a942-af6976c96de7,1777733697348270009,-0.31305435,0.062184766,-0.06764424
sensor_gyroscope,59133d35-47ac-4774-a942-af6976c96de7,1777733697368286936,-0.121306896,-0.16777903,5.326318E-4
sensor_gyroscope,59133d35-47ac-4774-a942-af6976c96de7,1777733697388298759,-0.035153702,-0.14860427,0.014381059
sensor_gyroscope,59133d35-47ac-4774-a942-af6976c96de7,1777733697408313863,-0.042610545,0.037683703,-0.002663159
sensor_gyroscope,59133d35-47ac-4774-a942-af6976c96de7,1777733697428326780,0.07989477,0.11651321,-0.02929475
sensor_gyroscope,59133d35-47ac-4774-a942-af6976c96de7,1777733697448345113,0.13209268,0.093077414,0.011185268
sensor_gyroscope,59133d35-47ac-4774-a942-af6976c96de7,1777733697468344957,0.14274533,0.023835273,0.046338968
sensor_gyroscope,59133d35-47ac-4774-a942-af6976c96de7,1777733697488356571,0.0937432,-0.1741706,0.014381059
sensor_gyroscope,59133d35-47ac-4774-a942-af6976c96de7,1777733697508367873,-0.18309219,0.002530001,-0.022903169
sensor_gyroscope,59133d35-47ac-4774-a942-af6976c96de7,1777733697528373655,-0.15433007,-0.0070573715,-0.077231616
sensor_gyroscope,59133d35-47ac-4774-a942-af6976c96de7,1777733697548398967,0.027696855,-0.21678115,-0.03142528
sensor_gyroscope,59133d35-47ac-4774-a942-af6976c96de7,1777733697568407196,-0.03834949,-0.25406536,0.015446323
sensor_gyroscope,59133d35-47ac-4774-a942-af6976c96de7,1777733697588416780,-0.15752587,-0.07736477,0.023968432
sensor_gyroscope,59133d35-47ac-4774-a942-af6976c96de7,1777733697608421675,0.036218964,-0.32543805,-0.051665287
sensor_gyroscope,59133d35-47ac-4774-a942-af6976c96de7,1777733697628451102,0.042610545,-0.0049268445,-0.034621067
sensor_gyroscope,59133d35-47ac-4774-a942-af6976c96de7,1777733697648450269,-0.08841688,0.1314269,-0.033555806
sensor_gyroscope,59133d35-47ac-4774-a942-af6976c96de7,1777733697668466832,-0.11171953,0.08668583,-0.0037284228
sensor_gyroscope,59133d35-47ac-4774-a942-af6976c96de7,1777733697688468394,-0.10439584,-0.06671213,0.010120004
sensor_gyroscope,59133d35-47ac-4774-a942-af6976c96de7,1777733697708487300,-0.15965639,-0.12303795,0.0015978955
sensor_gyroscope,59133d35-47ac-4774-a942-af6976c96de7,1777733697728496780,-0.17350481,0.020639483,-0.019707378
sensor_gyroscope,59133d35-47ac-4774-a942-af6976c96de7,1777733697748509019,-0.034088437,0.093077414,-0.018642114
sensor_gyroscope,59133d35-47ac-4774-a942-af6976c96de7,1777733697768535738,0.12996216,0.12610058,0.022903169
sensor_gyroscope,59133d35-47ac-4774-a942-af6976c96de7,1777733697788552665,0.10759163,-0.13688637,0.0047936863
sensor_gyroscope,59133d35-47ac-4774-a942-af6976c96de7,1777733697808571571,-0.21718062,0.07390267,-0.0037284228
sensor_gyroscope,59133d35-47ac-4774-a942-af6976c96de7,1777733697828566155,-0.18522272,0.12716585,-0.047404233
sensor_gyroscope,59133d35-47ac-4774-a942-af6976c96de7,1777733697848580894,-0.129829,-0.08482162,-0.002663159
sensor_gyroscope,59133d35-47ac-4774-a942-af6976c96de7,1777733697868594696,-0.16711323,-0.14114743,0.028229486
sensor_gyroscope,59133d35-47ac-4774-a942-af6976c96de7,1777733697888607405,-0.0937432,-0.23702116,-0.0047936863
sensor_gyroscope,59133d35-47ac-4774-a942-af6976c96de7,1777733697908621311,-0.07563372,-0.04221107,-0.017576851
sensor_gyroscope,59133d35-47ac-4774-a942-af6976c96de7,1777733697928631884,-0.018109482,0.09094688,-0.013315796
sensor_gyroscope,59133d35-47ac-4774-a942-af6976c96de7,1777733697948639488,-0.013848428,0.17723323,0.03249054
sensor_gyroscope,59133d35-47ac-4774-a942-af6976c96de7,1777733697968648707,0.019174745,0.16231954,0.06870951
sensor_gyroscope,59133d35-47ac-4774-a942-af6976c96de7,1777733697988663446,0.25885907,0.0611195,0.034621067
sensor_gyroscope,59133d35-47ac-4774-a942-af6976c96de7,1777733698008672665,0.09800425,-0.045406863,0.012250531
sensor_gyroscope,59133d35-47ac-4774-a942-af6976c96de7,1777733698028679488,-0.14687322,0.13888375,-0.025033696
sensor_gyroscope,59133d35-47ac-4774-a942-af6976c96de7,1777733698048683863,-0.16924377,0.055793185,-0.03249054
sensor_gyroscope,59133d35-47ac-4774-a942-af6976c96de7,1777733698068690686,-0.07456846,-0.109189525,0.014381059
sensor_gyroscope,59133d35-47ac-4774-a942-af6976c96de7,1777733698088735634,-0.003195791,-0.09334373,0.019707378
sensor_gyroscope,59133d35-47ac-4774-a942-af6976c96de7,1777733698108744280,0.069242135,0.008921583,-0.023968432
sensor_gyroscope,59133d35-47ac-4774-a942-af6976c96de7,1777733698128723498,0.13635375,-0.043276336,-0.036751594
sensor_gyroscope,59133d35-47ac-4774-a942-af6976c96de7,1777733698148772405,0.1757685,-0.07736477,-0.056991603
sensor_gyroscope,59133d35-47ac-4774-a942-af6976c96de7,1777733698168758811,0.16618113,-0.30732855,-0.08788425
sensor_gyroscope,59133d35-47ac-4774-a942-af6976c96de7,1777733698188794748,0.10013478,-0.03581949,-0.047404233
sensor_gyroscope,59133d35-47ac-4774-a942-af6976c96de7,1777733698208802509,-0.034088437,0.2635196,0.030360013
sensor_gyroscope,59133d35-47ac-4774-a942-af6976c96de7,1777733698228802925,-0.025566328,0.29654276,0.053795815
sensor_gyroscope,59133d35-47ac-4774-a942-af6976c96de7,1777733698248826311,0.021305272,-0.04753739,0.034621067
sensor_gyroscope,59133d35-47ac-4774-a942-af6976c96de7,1777733698268840842,-0.060720026,-0.2625875,-0.021837905
sensor_gyroscope,59133d35-47ac-4774-a942-af6976c96de7,1777733698288848967,-0.33116382,0.10053425,-0.002663159
sensor_gyroscope,59133d35-47ac-4774-a942-af6976c96de7,1777733698308859592,-0.22144169,0.09840373,-0.015446323
sensor_gyroscope,59133d35-47ac-4774-a942-af6976c96de7,1777733698328885269,-0.005326318,-0.13688637,-0.010120004
sensor_gyroscope,59133d35-47ac-4774-a942-af6976c96de7,1777733698348883290,0.17789903,-0.16990955,0.03888212
sensor_gyroscope,59133d35-47ac-4774-a942-af6976c96de7,1777733698368865425,0.22690116,-0.21038957,0.1548627
sensor_gyroscope,59133d35-47ac-4774-a942-af6976c96de7,1777733698388874696,0.05006739,-0.04860265,0.28908592
sensor_gyroscope,59133d35-47ac-4774-a942-af6976c96de7,1777733698408895061,0.09800425,-0.050733183,0.2251701
sensor_gyroscope,59133d35-47ac-4774-a942-af6976c96de7,1777733698428923811,0.41119176,0.00785632,0.14421007
sensor_gyroscope,59133d35-47ac-4774-a942-af6976c96de7,1777733698448947665,0.5665871,0.18895113,0.11238532
sensor_gyroscope,59133d35-47ac-4774-a942-af6976c96de7,1777733698468953967,0.59961027,0.3572628,0.03781686
sensor_gyroscope,59133d35-47ac-4774-a942-af6976c96de7,1777733698488968759,0.3131875,0.119709,-0.04101265
sensor_gyroscope,59133d35-47ac-4774-a942-af6976c96de7,1777733698508972561,-0.11385005,-0.095341094,-0.025033696
sensor_gyroscope,59133d35-47ac-4774-a942-af6976c96de7,1777733698528980425,-0.22037642,0.050466865,-0.06870951
sensor_gyroscope,59133d35-47ac-4774-a942-af6976c96de7,1777733698549001311,-0.13089427,0.19960378,-0.13156006
sensor_gyroscope,59133d35-47ac-4774-a942-af6976c96de7,1777733698569012248,-0.20865852,0.037683703,-0.10279794
sensor_gyroscope,59133d35-47ac-4774-a942-af6976c96de7,1777733698588992613,-0.28003117,-0.049667917,-0.06125266
sensor_gyroscope,59133d35-47ac-4774-a942-af6976c96de7,1777733698609035373,-0.14687322,-0.069907926,-0.034621067
sensor_gyroscope,59133d35-47ac-4774-a942-af6976c96de7,1777733698629019540,0.1757685,-0.002796317,-0.039947387
sensor_gyroscope,59133d35-47ac-4774-a942-af6976c96de7,1777733698649031936,0.46858284,0.123970054,0.006924214
sensor_gyroscope,59133d35-47ac-4774-a942-af6976c96de7,1777733698669073811,0.5463471,0.11331742,0.007989477
sensor_gyroscope,59133d35-47ac-4774-a942-af6976c96de7,1777733698689055425,-0.025566328,-0.118776895,0.014381059
sensor_gyroscope,59133d35-47ac-4774-a942-af6976c96de7,1777733698709063342,-0.4643218,0.05472792,-0.02929475
sensor_gyroscope,59133d35-47ac-4774-a942-af6976c96de7,1777733698729105217,-0.4547344,0.16231954,-0.060187396
sensor_gyroscope,59133d35-47ac-4774-a942-af6976c96de7,1777733698749120009,-0.2640522,-0.07097319,-0.04953476
sensor_gyroscope,59133d35-47ac-4774-a942-af6976c96de7,1777733698769111936,-0.15539533,-0.18695377,-0.011185268
sensor_gyroscope,59133d35-47ac-4774-a942-af6976c96de7,1777733698789144592,-0.07456846,-0.14327796,0.0015978955
sensor_gyroscope,59133d35-47ac-4774-a942-af6976c96de7,1777733698809157040,0.08841688,0.06751108,-0.002663159
sensor_gyroscope,59133d35-47ac-4774-a942-af6976c96de7,1777733698829150269,0.25353274,0.11331742,0.021837905
sensor_gyroscope,59133d35-47ac-4774-a942-af6976c96de7,1777733698849178030,0.37923387,3.9947388E-4,0.017576851
sensor_gyroscope,59133d35-47ac-4774-a942-af6976c96de7,1777733698869192665,-0.010652636,-0.069907926,0.00585895
sensor_gyroscope,59133d35-47ac-4774-a942-af6976c96de7,1777733698889198498,-0.28003117,0.12716585,-0.07616635
sensor_gyroscope,59133d35-47ac-4774-a942-af6976c96de7,1777733698909191884,-0.18841851,-0.0677774,-0.060187396
sensor_gyroscope,59133d35-47ac-4774-a942-af6976c96de7,1777733698929193446,-0.120241635,-0.5970803,-0.054861076
sensor_gyroscope,59133d35-47ac-4774-a942-af6976c96de7,1777733698949203759,-0.27257434,-0.26045695,-0.0047936863
sensor_gyroscope,59133d35-47ac-4774-a942-af6976c96de7,1777733698969214696,-0.22783326,0.10266478,0.009054741
sensor_gyroscope,59133d35-47ac-4774-a942-af6976c96de7,1777733698989227300,0.03195791,0.1463406,-5.326318E-4
sensor_gyroscope,59133d35-47ac-4774-a942-af6976c96de7,1777733699009269071,0.2727075,0.037683703,-0.013315796
sensor_gyroscope,59133d35-47ac-4774-a942-af6976c96de7,1777733699029270217,0.29081696,-0.27324012,-0.08468846
sensor_gyroscope,59133d35-47ac-4774-a942-af6976c96de7,1777733699049269488,-0.25339958,-0.018775271,-0.033555806
sensor_gyroscope,59133d35-47ac-4774-a942-af6976c96de7,1777733699069278811,-0.364187,0.21025641,-0.05805687
sensor_gyroscope,59133d35-47ac-4774-a942-af6976c96de7,1777733699089293498,-0.07456846,-0.12410321,-0.018642114
sensor_gyroscope,59133d35-47ac-4774-a942-af6976c96de7,1777733699109309071,-0.1415469,-0.23702116,-0.02929475
sensor_gyroscope,59133d35-47ac-4774-a942-af6976c96de7,1777733699129318707,-0.34288174,-0.010253162,0.045273706
sensor_gyroscope,59133d35-47ac-4774-a942-af6976c96de7,1777733699149335634,-0.2182459,0.19427745,0.05273055
sensor_gyroscope,59133d35-47ac-4774-a942-af6976c96de7,1777733699169344800,-0.04367581,0.13888375,0.060187396
sensor_gyroscope,59133d35-47ac-4774-a942-af6976c96de7,1777733699189355165,0.13954954,0.0611195,0.09001478
sensor_gyroscope,59133d35-47ac-4774-a942-af6976c96de7,1777733699209365477,0.30146962,-0.07416898,0.017576851
sensor_gyroscope,59133d35-47ac-4774-a942-af6976c96de7,1777733699229373759,-0.03728423,0.03981423,-0.0015978955
sensor_gyroscope,59133d35-47ac-4774-a942-af6976c96de7,1777733699249389019,-0.15113428,0.1932122,-0.04101265
sensor_gyroscope,59133d35-47ac-4774-a942-af6976c96de7,1777733699269399800,-0.022370536,0.032357384,-0.046338968
sensor_gyroscope,59133d35-47ac-4774-a942-af6976c96de7,1777733699289421571,0.049002126,-0.08482162,-0.014381059
sensor_gyroscope,59133d35-47ac-4774-a942-af6976c96de7,1777733699309428186,-0.0042610546,0.00785632,0.020772642
sensor_gyroscope,59133d35-47ac-4774-a942-af6976c96de7,1777733699329453915,-0.040480018,0.0845553,0.09960215
sensor_gyroscope,59133d35-47ac-4774-a942-af6976c96de7,1777733699349471050,0.20559588,0.10266478,0.045273706
sensor_gyroscope,59133d35-47ac-4774-a942-af6976c96de7,1777733699369454957,0.3749728,0.07390267,-0.0037284228
sensor_gyroscope,59133d35-47ac-4774-a942-af6976c96de7,1777733699389491363,0.40586546,0.2251701,-0.011185268
sensor_gyroscope,59133d35-47ac-4774-a942-af6976c96de7,1777733699409637457,0.17363797,-0.11345058,-0.025033696
sensor_gyroscope,59133d35-47ac-4774-a942-af6976c96de7,1777733699429674905,-0.23742063,0.08881636,-0.002663159
sensor_gyroscope,59133d35-47ac-4774-a942-af6976c96de7,1777733699449524436,-0.20546272,0.2869554,-0.035686333
sensor_gyroscope,59133d35-47ac-4774-a942-af6976c96de7,1777733699469537717,0.10226531,0.0014647375,0.017576851
sensor_gyroscope,59133d35-47ac-4774-a942-af6976c96de7,1777733699489540373,0.19813904,-0.15925692,0.035686333
sensor_gyroscope,59133d35-47ac-4774-a942-af6976c96de7,1777733699509539175,0.18322535,-0.025166854,-0.025033696
sensor_gyroscope,59133d35-47ac-4774-a942-af6976c96de7,1777733699529567665,0.27377275,-0.15073481,-0.08788425
sensor_gyroscope,59133d35-47ac-4774-a942-af6976c96de7,1777733699549587769,0.123570584,0.3242396,0.016511586
sensor_gyroscope,59133d35-47ac-4774-a942-af6976c96de7,1777733699569598863,-0.039414756,0.55313814,0.065513715
sensor_gyroscope,59133d35-47ac-4774-a942-af6976c96de7,1777733699589609332,-0.0585895,0.4870918,0.085753724
sensor_gyroscope,59133d35-47ac-4774-a942-af6976c96de7,1777733699609595686,0.034088437,0.23156169,0.048469495
sensor_gyroscope,59133d35-47ac-4774-a942-af6976c96de7,1777733699629599488,0.071372665,0.3008038,0.06977477
sensor_gyroscope,59133d35-47ac-4774-a942-af6976c96de7,1777733699649643655,0.1960085,0.38495964,0.053795815
sensor_gyroscope,59133d35-47ac-4774-a942-af6976c96de7,1777733699669655530,0.1874864,-0.05925529,0.018642114
sensor_gyroscope,59133d35-47ac-4774-a942-af6976c96de7,1777733699689663967,-0.05539371,-0.0038615807,0.0037284228
sensor_gyroscope,59133d35-47ac-4774-a942-af6976c96de7,1777733699709655009,-0.13622059,0.105860576,-0.05592634
sensor_gyroscope,59133d35-47ac-4774-a942-af6976c96de7,1777733699729687509,-0.09906952,-0.0326237,-0.022903169
sensor_gyroscope,59133d35-47ac-4774-a942-af6976c96de7,1777733699749669436,-0.020240009,-0.11025479,0.039947387
sensor_gyroscope,59133d35-47ac-4774-a942-af6976c96de7,1777733699769716311,0.024501063,0.16764587,0.07829688
sensor_gyroscope,59133d35-47ac-4774-a942-af6976c96de7,1777733699789691936,0.24074958,0.27310696,0.014381059
sensor_gyroscope,59133d35-47ac-4774-a942-af6976c96de7,1777733699809717977,0.39734334,0.13249217,-0.03888212
sensor_gyroscope,59133d35-47ac-4774-a942-af6976c96de7,1777733699829723134,0.3163833,0.072837405,-0.014381059
sensor_gyroscope,59133d35-47ac-4774-a942-af6976c96de7,1777733699849732144,0.06817687,-0.17630114,-0.02929475
sensor_gyroscope,59133d35-47ac-4774-a942-af6976c96de7,1777733699869775477,-0.29281434,-0.109189525,-0.05912213
sensor_gyroscope,59133d35-47ac-4774-a942-af6976c96de7,1777733699889783290,-0.44514704,-0.044341598,-0.07616635
sensor_gyroscope,59133d35-47ac-4774-a942-af6976c96de7,1777733699909938290,-0.41638494,-0.3062633,-0.051665287
sensor_gyroscope,59133d35-47ac-4774-a942-af6976c96de7,1777733699929977457,-0.43023336,-0.48309705,-0.036751594
sensor_gyroscope,59133d35-47ac-4774-a942-af6976c96de7,1777733699949821571,-0.44727758,-0.36272228,-0.022903169
sensor_gyroscope,59133d35-47ac-4774-a942-af6976c96de7,1777733699969803915,-0.3940144,-0.27750117,-0.047404233
sensor_gyroscope,59133d35-47ac-4774-a942-af6976c96de7,1777733699989819175,-0.32477224,-0.19654115,-0.035686333
sensor_gyroscope,59133d35-47ac-4774-a942-af6976c96de7,1777733700009855582,-0.21718062,-0.15286534,-5.326318E-4
sensor_gyroscope,59133d35-47ac-4774-a942-af6976c96de7,1777733700029835425,-0.15859112,-0.002796317,0.012250531
sensor_gyroscope,59133d35-47ac-4774-a942-af6976c96de7,1777733700049872821,-0.18202692,-0.03581949,-0.0015978955
sensor_gyroscope,59133d35-47ac-4774-a942-af6976c96de7,1777733700069892300,-0.12343743,-0.07629951,-0.030360013
sensor_gyroscope,59133d35-47ac-4774-a942-af6976c96de7,1777733700089882769,-0.041545283,-0.079495296,-0.02609896
sensor_gyroscope,59133d35-47ac-4774-a942-af6976c96de7,1777733700109883811,-0.041545283,-0.020905798,-0.019707378
sensor_gyroscope,59133d35-47ac-4774-a942-af6976c96de7,1777733700129922665,-0.0010652636,0.05792371,0.0015978955
sensor_gyroscope,59133d35-47ac-4774-a942-af6976c96de7,1777733700149933967,0.2077264,0.094142675,-0.018642114
sensor_gyroscope,59133d35-47ac-4774-a942-af6976c96de7,1777733700169948602,0.25246748,-0.092278466,-0.03142528
sensor_gyroscope,59133d35-47ac-4774-a942-af6976c96de7,1777733700189956415,-0.070307404,0.1314269,-5.326318E-4
sensor_gyroscope,59133d35-47ac-4774-a942-af6976c96de7,1777733700209949592,0.0468716,0.14527532,-0.0047936863
sensor_gyroscope,59133d35-47ac-4774-a942-af6976c96de7,1777733700229957769,0.20240009,-0.08908267,0.036751594
sensor_gyroscope,59133d35-47ac-4774-a942-af6976c96de7,1777733700249988030,0.13528848,-0.09427583,0.05912213
sensor_gyroscope,59133d35-47ac-4774-a942-af6976c96de7,1777733700269971780,0.12037479,0.058988973,0.016511586
sensor_gyroscope,59133d35-47ac-4774-a942-af6976c96de7,1777733700289993342,0.21518326,0.123970054,0.002663159
sensor_gyroscope,59133d35-47ac-4774-a942-af6976c96de7,1777733700310027405,0.27909908,0.13888375,0.027164223
sensor_gyroscope,59133d35-47ac-4774-a942-af6976c96de7,1777733700330028811,0.32490543,0.1782985,0.04953476
sensor_gyroscope,59133d35-47ac-4774-a942-af6976c96de7,1777733700350028707,0.38136438,0.17084165,0.08149267
sensor_gyroscope,59133d35-47ac-4774-a942-af6976c96de7,1777733700370044488,0.52397656,0.13994901,0.10173268
sensor_gyroscope,59133d35-47ac-4774-a942-af6976c96de7,1777733700390056311,0.6198503,0.22303957,0.11132005
sensor_gyroscope,59133d35-47ac-4774-a942-af6976c96de7,1777733700410211259,0.6028061,0.27630275,0.107058994
sensor_gyroscope,59133d35-47ac-4774-a942-af6976c96de7,1777733700430247405,0.4696481,0.21238694,0.07297056
sensor_gyroscope,59133d35-47ac-4774-a942-af6976c96de7,1777733700450089019,0.31744856,0.21558273,0.06444845
sensor_gyroscope,59133d35-47ac-4774-a942-af6976c96de7,1777733700470105373,0.21731378,0.27310696,0.07084003
sensor_gyroscope,59133d35-47ac-4774-a942-af6976c96de7,1777733700490123707,0.16831166,0.27949855,0.053795815
sensor_gyroscope,59133d35-47ac-4774-a942-af6976c96de7,1777733700510132457,0.14913692,0.31571752,0.04420844
sensor_gyroscope,59133d35-47ac-4774-a942-af6976c96de7,1777733700530132613,0.18216008,0.26778066,0.060187396
sensor_gyroscope,59133d35-47ac-4774-a942-af6976c96de7,1777733700550150582,0.22050957,0.18042903,0.03781686
sensor_gyroscope,59133d35-47ac-4774-a942-af6976c96de7,1777733700570174592,0.18109483,0.013182637,-0.007989477
sensor_gyroscope,59133d35-47ac-4774-a942-af6976c96de7,1777733700590159748,0.0585895,-0.023036325,0.010120004
sensor_gyroscope,59133d35-47ac-4774-a942-af6976c96de7,1777733700610172457,-0.07456846,-0.10173268,0.006924214
sensor_gyroscope,59133d35-47ac-4774-a942-af6976c96de7,1777733700630190321,-0.20865852,-0.24660853,-0.028229486
sensor_gyroscope,59133d35-47ac-4774-a942-af6976c96de7,1777733700650227769,-0.42490703,-0.38935387,-0.08894952
sensor_gyroscope,59133d35-47ac-4774-a942-af6976c96de7,1777733700670214800,-0.6751108,-0.44794336,-0.11771163
sensor_gyroscope,59133d35-47ac-4774-a942-af6976c96de7,1777733700690236467,-0.88496774,-0.4735097,-0.15073481
sensor_gyroscope,59133d35-47ac-4774-a942-af6976c96de7,1777733700710234748,-0.9733847,-0.58323187,-0.07829688
sensor_gyroscope,59133d35-47ac-4774-a942-af6976c96de7,1777733700730244019,-0.91692567,-0.6619282,-0.03781686
sensor_gyroscope,59133d35-47ac-4774-a942-af6976c96de7,1777733700750256102,-0.79655087,-0.5438171,-0.002663159
sensor_gyroscope,59133d35-47ac-4774-a942-af6976c96de7,1777733700770279800,-0.6910898,-0.3382212,-0.011185268
sensor_gyroscope,59133d35-47ac-4774-a942-af6976c96de7,1777733700790286727,-0.5623261,-0.24341275,-0.027164223
sensor_gyroscope,59133d35-47ac-4774-a942-af6976c96de7,1777733700810301207,-0.3119891,-0.11984216,0.007989477
sensor_gyroscope,59133d35-47ac-4774-a942-af6976c96de7,1777733700830316050,-0.05539371,0.058988973,-5.326318E-4
sensor_gyroscope,59133d35-47ac-4774-a942-af6976c96de7,1777733700850317873,0.06285056,0.08988162,-0.0047936863
sensor_gyroscope,59133d35-47ac-4774-a942-af6976c96de7,1777733700870340113,0.005326318,0.06431529,-0.013315796
sensor_gyroscope,59133d35-47ac-4774-a942-af6976c96de7,1777733700890345582,-0.010652636,0.22730063,-0.015446323
sensor_gyroscope,59133d35-47ac-4774-a942-af6976c96de7,1777733700910502457,0.10865689,0.20599535,-0.0047936863
sensor_gyroscope,59133d35-47ac-4774-a942-af6976c96de7,1777733700930539280,0.15552849,0.070706874,0.0047936863
sensor_gyroscope,59133d35-47ac-4774-a942-af6976c96de7,1777733700950374905,0.013848428,-0.10492847,-0.006924214
sensor_gyroscope,59133d35-47ac-4774-a942-af6976c96de7,1777733700970396155,-0.108523734,-0.0038615807,-0.015446323
sensor_gyroscope,59133d35-47ac-4774-a942-af6976c96de7,1777733700990394227,-0.03302317,0.05792371,-0.04314318
sensor_gyroscope,59133d35-47ac-4774-a942-af6976c96de7,1777733701010413863,0.020240009,-0.050733183,-0.02609896
sensor_gyroscope,59133d35-47ac-4774-a942-af6976c96de7,1777733701030431832,0.03302317,0.031292118,-0.04101265
sensor_gyroscope,59133d35-47ac-4774-a942-af6976c96de7,1777733701050436727,0.03302317,0.038748965,-0.042077914
sensor_gyroscope,59133d35-47ac-4774-a942-af6976c96de7,1777733701070457092,-0.005326318,0.038748965,-0.046338968
sensor_gyroscope,59133d35-47ac-4774-a942-af6976c96de7,1777733701090462300,-0.025566328,0.11331742,-0.036751594
sensor_gyroscope,59133d35-47ac-4774-a942-af6976c96de7,1777733701110476519,0.0021305273,0.07496793,-0.03249054
sensor_gyroscope,59133d35-47ac-4774-a942-af6976c96de7,1777733701130493655,0.010652636,0.015313165,-0.028229486
sensor_gyroscope,59133d35-47ac-4774-a942-af6976c96de7,1777733701150495425,-0.069242135,0.06857634,-0.014381059
sensor_gyroscope,59133d35-47ac-4774-a942-af6976c96de7,1777733701170516832,-0.03195791,0.0611195,0.018642114
sensor_gyroscope,59133d35-47ac-4774-a942-af6976c96de7,1777733701190529540,0.070307404,-0.010253162,0.02929475
sensor_gyroscope,59133d35-47ac-4774-a942-af6976c96de7,1777733701210541050,0.07776424,-0.014514217,0.022903169
sensor_gyroscope,59133d35-47ac-4774-a942-af6976c96de7,1777733701230559905,0.092677936,0.13888375,-5.326318E-4
sensor_gyroscope,59133d35-47ac-4774-a942-af6976c96de7,1777733701250556571,0.08415583,0.2549975,0.025033696
sensor_gyroscope,59133d35-47ac-4774-a942-af6976c96de7,1777733701270572665,0.17683376,0.13355742,-0.03249054
sensor_gyroscope,59133d35-47ac-4774-a942-af6976c96de7,1777733701290582613,0.012783164,-0.0560595,-0.0015978955
sensor_gyroscope,59133d35-47ac-4774-a942-af6976c96de7,1777733701310589488,0.15126744,0.1697764,-0.0037284228
sensor_gyroscope,59133d35-47ac-4774-a942-af6976c96de7,1777733701330601727,0.38242966,0.018508956,0.020772642
sensor_gyroscope,59133d35-47ac-4774-a942-af6976c96de7,1777733701350612092,0.5282376,-0.015579481,0.09108004
sensor_gyroscope,59133d35-47ac-4774-a942-af6976c96de7,1777733701370635217,0.6294376,0.092012145,0.13888375
sensor_gyroscope,59133d35-47ac-4774-a942-af6976c96de7,1777733701390643186,0.65287346,0.13888375,0.1463406
sensor_gyroscope,59133d35-47ac-4774-a942-af6976c96de7,1777733701410824748,0.59428394,0.333827,0.13994901
sensor_gyroscope,59133d35-47ac-4774-a942-af6976c96de7,1777733701430866467,0.5761745,0.5254413,0.120907426
sensor_gyroscope,59133d35-47ac-4774-a942-af6976c96de7,1777733701450669071,0.57723975,0.46152547,0.05805687
sensor_gyroscope,59133d35-47ac-4774-a942-af6976c96de7,1777733701470691988,0.53249866,0.36045858,0.046338968
sensor_gyroscope,59133d35-47ac-4774-a942-af6976c96de7,1777733701490701519,0.47390917,0.31784803,0.06764424
sensor_gyroscope,59133d35-47ac-4774-a942-af6976c96de7,1777733701510712717,0.4101265,0.3285007,0.09001478
sensor_gyroscope,59133d35-47ac-4774-a942-af6976c96de7,1777733701530727352,0.36432016,0.3008038,0.1155811
sensor_gyroscope,59133d35-47ac-4774-a942-af6976c96de7,1777733701550723498,0.34940648,0.3274354,0.107058994
sensor_gyroscope,59133d35-47ac-4774-a942-af6976c96de7,1777733701570749019,0.3398191,0.33595753,0.09001478
sensor_gyroscope,59133d35-47ac-4774-a942-af6976c96de7,1777733701590762196,0.23222747,-0.12410321,0.04101265
sensor_gyroscope,59133d35-47ac-4774-a942-af6976c96de7,1777733701610768655,-0.092677936,-0.31798118,-0.054861076
sensor_gyroscope,59133d35-47ac-4774-a942-af6976c96de7,1777733701630779123,-0.2938796,0.04301002,-0.14434323
sensor_gyroscope,59133d35-47ac-4774-a942-af6976c96de7,1777733701650787092,-0.32370698,-0.13582112,-0.10173268
